"","year","input.capital","capital.overnight","fixed.charge.rate","supplysector","subsector0","subsector","intermittent.technology"
"1",1975,"capital",451,0.13,"base load generation","wind","wind_base","wind_base"
"2",1990,"capital",451,0.13,"base load generation","wind","wind_base","wind_base"
"3",2005,"capital",451,0.13,"base load generation","wind","wind_base","wind_base"
"4",2010,"capital",451,0.13,"base load generation","wind","wind_base","wind_base"
"5",2015,"capital",451,0.13,"base load generation","wind","wind_base","wind_base"
"6",2020,"capital",406,0.13,"base load generation","wind","wind_base","wind_base"
"7",2025,"capital",371,0.13,"base load generation","wind","wind_base","wind_base"
"8",2030,"capital",345,0.13,"base load generation","wind","wind_base","wind_base"
"9",2035,"capital",324,0.13,"base load generation","wind","wind_base","wind_base"
"10",2040,"capital",308,0.13,"base load generation","wind","wind_base","wind_base"
"11",2045,"capital",295,0.13,"base load generation","wind","wind_base","wind_base"
"12",2050,"capital",286,0.13,"base load generation","wind","wind_base","wind_base"
"13",2055,"capital",278,0.13,"base load generation","wind","wind_base","wind_base"
"14",2060,"capital",272,0.13,"base load generation","wind","wind_base","wind_base"
"15",2065,"capital",268,0.13,"base load generation","wind","wind_base","wind_base"
"16",2070,"capital",264,0.13,"base load generation","wind","wind_base","wind_base"
"17",2075,"capital",262,0.13,"base load generation","wind","wind_base","wind_base"
"18",2080,"capital",260,0.13,"base load generation","wind","wind_base","wind_base"
"19",2085,"capital",258,0.13,"base load generation","wind","wind_base","wind_base"
"20",2090,"capital",257,0.13,"base load generation","wind","wind_base","wind_base"
"21",2095,"capital",256,0.13,"base load generation","wind","wind_base","wind_base"
"22",2100,"capital",255,0.13,"base load generation","wind","wind_base","wind_base"
"23",1975,"capital",1118,0.13,"base load generation","wind","wind_base_offshore","wind_base_offshore"
"24",1990,"capital",1118,0.13,"base load generation","wind","wind_base_offshore","wind_base_offshore"
"25",2005,"capital",1118,0.13,"base load generation","wind","wind_base_offshore","wind_base_offshore"
"26",2010,"capital",1118,0.13,"base load generation","wind","wind_base_offshore","wind_base_offshore"
"27",2015,"capital",1118,0.13,"base load generation","wind","wind_base_offshore","wind_base_offshore"
"28",2020,"capital",951,0.13,"base load generation","wind","wind_base_offshore","wind_base_offshore"
"29",2025,"capital",821,0.13,"base load generation","wind","wind_base_offshore","wind_base_offshore"
"30",2030,"capital",721,0.13,"base load generation","wind","wind_base_offshore","wind_base_offshore"
"31",2035,"capital",644,0.13,"base load generation","wind","wind_base_offshore","wind_base_offshore"
"32",2040,"capital",584,0.13,"base load generation","wind","wind_base_offshore","wind_base_offshore"
"33",2045,"capital",538,0.13,"base load generation","wind","wind_base_offshore","wind_base_offshore"
"34",2050,"capital",502,0.13,"base load generation","wind","wind_base_offshore","wind_base_offshore"
"35",2055,"capital",474,0.13,"base load generation","wind","wind_base_offshore","wind_base_offshore"
"36",2060,"capital",453,0.13,"base load generation","wind","wind_base_offshore","wind_base_offshore"
"37",2065,"capital",436,0.13,"base load generation","wind","wind_base_offshore","wind_base_offshore"
"38",2070,"capital",423,0.13,"base load generation","wind","wind_base_offshore","wind_base_offshore"
"39",2075,"capital",413,0.13,"base load generation","wind","wind_base_offshore","wind_base_offshore"
"40",2080,"capital",406,0.13,"base load generation","wind","wind_base_offshore","wind_base_offshore"
"41",2085,"capital",400,0.13,"base load generation","wind","wind_base_offshore","wind_base_offshore"
"42",2090,"capital",395,0.13,"base load generation","wind","wind_base_offshore","wind_base_offshore"
"43",2095,"capital",391,0.13,"base load generation","wind","wind_base_offshore","wind_base_offshore"
"44",2100,"capital",389,0.13,"base load generation","wind","wind_base_offshore","wind_base_offshore"
"45",1975,"capital",1083,0.1,"elect_td_bld","rooftop_pv","rooftop_pv","rooftop_pv"
"46",1990,"capital",1083,0.1,"elect_td_bld","rooftop_pv","rooftop_pv","rooftop_pv"
"47",2005,"capital",1083,0.1,"elect_td_bld","rooftop_pv","rooftop_pv","rooftop_pv"
"48",2010,"capital",1083,0.1,"elect_td_bld","rooftop_pv","rooftop_pv","rooftop_pv"
"49",2015,"capital",1083,0.1,"elect_td_bld","rooftop_pv","rooftop_pv","rooftop_pv"
"50",2020,"capital",763,0.1,"elect_td_bld","rooftop_pv","rooftop_pv","rooftop_pv"
"51",2025,"capital",575,0.1,"elect_td_bld","rooftop_pv","rooftop_pv","rooftop_pv"
"52",2030,"capital",464,0.1,"elect_td_bld","rooftop_pv","rooftop_pv","rooftop_pv"
"53",2035,"capital",398,0.1,"elect_td_bld","rooftop_pv","rooftop_pv","rooftop_pv"
"54",2040,"capital",359,0.1,"elect_td_bld","rooftop_pv","rooftop_pv","rooftop_pv"
"55",2045,"capital",336,0.1,"elect_td_bld","rooftop_pv","rooftop_pv","rooftop_pv"
"56",2050,"capital",323,0.1,"elect_td_bld","rooftop_pv","rooftop_pv","rooftop_pv"
"57",2055,"capital",315,0.1,"elect_td_bld","rooftop_pv","rooftop_pv","rooftop_pv"
"58",2060,"capital",310,0.1,"elect_td_bld","rooftop_pv","rooftop_pv","rooftop_pv"
"59",2065,"capital",307,0.1,"elect_td_bld","rooftop_pv","rooftop_pv","rooftop_pv"
"60",2070,"capital",306,0.1,"elect_td_bld","rooftop_pv","rooftop_pv","rooftop_pv"
"61",2075,"capital",305,0.1,"elect_td_bld","rooftop_pv","rooftop_pv","rooftop_pv"
"62",2080,"capital",304,0.1,"elect_td_bld","rooftop_pv","rooftop_pv","rooftop_pv"
"63",2085,"capital",304,0.1,"elect_td_bld","rooftop_pv","rooftop_pv","rooftop_pv"
"64",2090,"capital",303,0.1,"elect_td_bld","rooftop_pv","rooftop_pv","rooftop_pv"
"65",2095,"capital",303,0.1,"elect_td_bld","rooftop_pv","rooftop_pv","rooftop_pv"
"66",2100,"capital",303,0.1,"elect_td_bld","rooftop_pv","rooftop_pv","rooftop_pv"
"67",1975,"cooling system",10,0.15,"intermediate generation","solar","CSP_int","CSP_int (dry_hybrid)"
"68",1975,"cooling system",62,0.15,"intermediate generation","solar","CSP_int","CSP_int (dry_hybrid)"
"69",1975,"capital",1362,0.13,"intermediate generation","solar","CSP_int","CSP_int (dry_hybrid)"
"70",1990,"cooling system",10,0.15,"intermediate generation","solar","CSP_int","CSP_int (dry_hybrid)"
"71",1990,"cooling system",62,0.15,"intermediate generation","solar","CSP_int","CSP_int (dry_hybrid)"
"72",1990,"capital",1362,0.13,"intermediate generation","solar","CSP_int","CSP_int (dry_hybrid)"
"73",2005,"cooling system",10,0.15,"intermediate generation","solar","CSP_int","CSP_int (dry_hybrid)"
"74",2005,"cooling system",62,0.15,"intermediate generation","solar","CSP_int","CSP_int (dry_hybrid)"
"75",2005,"capital",1362,0.13,"intermediate generation","solar","CSP_int","CSP_int (dry_hybrid)"
"76",2010,"cooling system",10,0.15,"intermediate generation","solar","CSP_int","CSP_int (dry_hybrid)"
"77",2010,"cooling system",62,0.15,"intermediate generation","solar","CSP_int","CSP_int (dry_hybrid)"
"78",2010,"capital",1362,0.13,"intermediate generation","solar","CSP_int","CSP_int (dry_hybrid)"
"79",2015,"cooling system",10,0.15,"intermediate generation","solar","CSP_int","CSP_int (dry_hybrid)"
"80",2015,"cooling system",62,0.15,"intermediate generation","solar","CSP_int","CSP_int (dry_hybrid)"
"81",2015,"capital",1362,0.13,"intermediate generation","solar","CSP_int","CSP_int (dry_hybrid)"
"82",2020,"cooling system",10,0.15,"intermediate generation","solar","CSP_int","CSP_int (dry_hybrid)"
"83",2020,"cooling system",62,0.15,"intermediate generation","solar","CSP_int","CSP_int (dry_hybrid)"
"84",2020,"capital",1070,0.13,"intermediate generation","solar","CSP_int","CSP_int (dry_hybrid)"
"85",2025,"cooling system",10,0.15,"intermediate generation","solar","CSP_int","CSP_int (dry_hybrid)"
"86",2025,"cooling system",62,0.15,"intermediate generation","solar","CSP_int","CSP_int (dry_hybrid)"
"87",2025,"capital",877,0.13,"intermediate generation","solar","CSP_int","CSP_int (dry_hybrid)"
"88",2030,"cooling system",10,0.15,"intermediate generation","solar","CSP_int","CSP_int (dry_hybrid)"
"89",2030,"cooling system",62,0.15,"intermediate generation","solar","CSP_int","CSP_int (dry_hybrid)"
"90",2030,"capital",750,0.13,"intermediate generation","solar","CSP_int","CSP_int (dry_hybrid)"
"91",2035,"cooling system",10,0.15,"intermediate generation","solar","CSP_int","CSP_int (dry_hybrid)"
"92",2035,"cooling system",62,0.15,"intermediate generation","solar","CSP_int","CSP_int (dry_hybrid)"
"93",2035,"capital",666,0.13,"intermediate generation","solar","CSP_int","CSP_int (dry_hybrid)"
"94",2040,"cooling system",10,0.15,"intermediate generation","solar","CSP_int","CSP_int (dry_hybrid)"
"95",2040,"cooling system",62,0.15,"intermediate generation","solar","CSP_int","CSP_int (dry_hybrid)"
"96",2040,"capital",611,0.13,"intermediate generation","solar","CSP_int","CSP_int (dry_hybrid)"
"97",2045,"cooling system",10,0.15,"intermediate generation","solar","CSP_int","CSP_int (dry_hybrid)"
"98",2045,"cooling system",62,0.15,"intermediate generation","solar","CSP_int","CSP_int (dry_hybrid)"
"99",2045,"capital",574,0.13,"intermediate generation","solar","CSP_int","CSP_int (dry_hybrid)"
"100",2050,"cooling system",10,0.15,"intermediate generation","solar","CSP_int","CSP_int (dry_hybrid)"
"101",2050,"cooling system",62,0.15,"intermediate generation","solar","CSP_int","CSP_int (dry_hybrid)"
"102",2050,"capital",550,0.13,"intermediate generation","solar","CSP_int","CSP_int (dry_hybrid)"
"103",2055,"cooling system",10,0.15,"intermediate generation","solar","CSP_int","CSP_int (dry_hybrid)"
"104",2055,"cooling system",62,0.15,"intermediate generation","solar","CSP_int","CSP_int (dry_hybrid)"
"105",2055,"capital",535,0.13,"intermediate generation","solar","CSP_int","CSP_int (dry_hybrid)"
"106",2060,"cooling system",10,0.15,"intermediate generation","solar","CSP_int","CSP_int (dry_hybrid)"
"107",2060,"cooling system",62,0.15,"intermediate generation","solar","CSP_int","CSP_int (dry_hybrid)"
"108",2060,"capital",524,0.13,"intermediate generation","solar","CSP_int","CSP_int (dry_hybrid)"
"109",2065,"cooling system",10,0.15,"intermediate generation","solar","CSP_int","CSP_int (dry_hybrid)"
"110",2065,"cooling system",62,0.15,"intermediate generation","solar","CSP_int","CSP_int (dry_hybrid)"
"111",2065,"capital",517,0.13,"intermediate generation","solar","CSP_int","CSP_int (dry_hybrid)"
"112",2070,"cooling system",10,0.15,"intermediate generation","solar","CSP_int","CSP_int (dry_hybrid)"
"113",2070,"cooling system",62,0.15,"intermediate generation","solar","CSP_int","CSP_int (dry_hybrid)"
"114",2070,"capital",513,0.13,"intermediate generation","solar","CSP_int","CSP_int (dry_hybrid)"
"115",2075,"cooling system",10,0.15,"intermediate generation","solar","CSP_int","CSP_int (dry_hybrid)"
"116",2075,"cooling system",62,0.15,"intermediate generation","solar","CSP_int","CSP_int (dry_hybrid)"
"117",2075,"capital",510,0.13,"intermediate generation","solar","CSP_int","CSP_int (dry_hybrid)"
"118",2080,"cooling system",10,0.15,"intermediate generation","solar","CSP_int","CSP_int (dry_hybrid)"
"119",2080,"cooling system",62,0.15,"intermediate generation","solar","CSP_int","CSP_int (dry_hybrid)"
"120",2080,"capital",508,0.13,"intermediate generation","solar","CSP_int","CSP_int (dry_hybrid)"
"121",2085,"cooling system",10,0.15,"intermediate generation","solar","CSP_int","CSP_int (dry_hybrid)"
"122",2085,"cooling system",62,0.15,"intermediate generation","solar","CSP_int","CSP_int (dry_hybrid)"
"123",2085,"capital",507,0.13,"intermediate generation","solar","CSP_int","CSP_int (dry_hybrid)"
"124",2090,"cooling system",10,0.15,"intermediate generation","solar","CSP_int","CSP_int (dry_hybrid)"
"125",2090,"cooling system",62,0.15,"intermediate generation","solar","CSP_int","CSP_int (dry_hybrid)"
"126",2090,"capital",506,0.13,"intermediate generation","solar","CSP_int","CSP_int (dry_hybrid)"
"127",2095,"cooling system",10,0.15,"intermediate generation","solar","CSP_int","CSP_int (dry_hybrid)"
"128",2095,"cooling system",62,0.15,"intermediate generation","solar","CSP_int","CSP_int (dry_hybrid)"
"129",2095,"capital",505,0.13,"intermediate generation","solar","CSP_int","CSP_int (dry_hybrid)"
"130",2100,"cooling system",10,0.15,"intermediate generation","solar","CSP_int","CSP_int (dry_hybrid)"
"131",2100,"cooling system",62,0.15,"intermediate generation","solar","CSP_int","CSP_int (dry_hybrid)"
"132",2100,"capital",505,0.13,"intermediate generation","solar","CSP_int","CSP_int (dry_hybrid)"
"133",1975,"cooling system",10,0.15,"intermediate generation","solar","CSP_int","CSP_int (recirculating)"
"134",1975,"cooling system",62,0.15,"intermediate generation","solar","CSP_int","CSP_int (recirculating)"
"135",1975,"capital",1362,0.13,"intermediate generation","solar","CSP_int","CSP_int (recirculating)"
"136",1990,"cooling system",10,0.15,"intermediate generation","solar","CSP_int","CSP_int (recirculating)"
"137",1990,"cooling system",62,0.15,"intermediate generation","solar","CSP_int","CSP_int (recirculating)"
"138",1990,"capital",1362,0.13,"intermediate generation","solar","CSP_int","CSP_int (recirculating)"
"139",2005,"cooling system",10,0.15,"intermediate generation","solar","CSP_int","CSP_int (recirculating)"
"140",2005,"cooling system",62,0.15,"intermediate generation","solar","CSP_int","CSP_int (recirculating)"
"141",2005,"capital",1362,0.13,"intermediate generation","solar","CSP_int","CSP_int (recirculating)"
"142",2010,"cooling system",10,0.15,"intermediate generation","solar","CSP_int","CSP_int (recirculating)"
"143",2010,"cooling system",62,0.15,"intermediate generation","solar","CSP_int","CSP_int (recirculating)"
"144",2010,"capital",1362,0.13,"intermediate generation","solar","CSP_int","CSP_int (recirculating)"
"145",2015,"cooling system",10,0.15,"intermediate generation","solar","CSP_int","CSP_int (recirculating)"
"146",2015,"cooling system",62,0.15,"intermediate generation","solar","CSP_int","CSP_int (recirculating)"
"147",2015,"capital",1362,0.13,"intermediate generation","solar","CSP_int","CSP_int (recirculating)"
"148",2020,"cooling system",10,0.15,"intermediate generation","solar","CSP_int","CSP_int (recirculating)"
"149",2020,"cooling system",62,0.15,"intermediate generation","solar","CSP_int","CSP_int (recirculating)"
"150",2020,"capital",1070,0.13,"intermediate generation","solar","CSP_int","CSP_int (recirculating)"
"151",2025,"cooling system",10,0.15,"intermediate generation","solar","CSP_int","CSP_int (recirculating)"
"152",2025,"cooling system",62,0.15,"intermediate generation","solar","CSP_int","CSP_int (recirculating)"
"153",2025,"capital",877,0.13,"intermediate generation","solar","CSP_int","CSP_int (recirculating)"
"154",2030,"cooling system",10,0.15,"intermediate generation","solar","CSP_int","CSP_int (recirculating)"
"155",2030,"cooling system",62,0.15,"intermediate generation","solar","CSP_int","CSP_int (recirculating)"
"156",2030,"capital",750,0.13,"intermediate generation","solar","CSP_int","CSP_int (recirculating)"
"157",2035,"cooling system",10,0.15,"intermediate generation","solar","CSP_int","CSP_int (recirculating)"
"158",2035,"cooling system",62,0.15,"intermediate generation","solar","CSP_int","CSP_int (recirculating)"
"159",2035,"capital",666,0.13,"intermediate generation","solar","CSP_int","CSP_int (recirculating)"
"160",2040,"cooling system",10,0.15,"intermediate generation","solar","CSP_int","CSP_int (recirculating)"
"161",2040,"cooling system",62,0.15,"intermediate generation","solar","CSP_int","CSP_int (recirculating)"
"162",2040,"capital",611,0.13,"intermediate generation","solar","CSP_int","CSP_int (recirculating)"
"163",2045,"cooling system",10,0.15,"intermediate generation","solar","CSP_int","CSP_int (recirculating)"
"164",2045,"cooling system",62,0.15,"intermediate generation","solar","CSP_int","CSP_int (recirculating)"
"165",2045,"capital",574,0.13,"intermediate generation","solar","CSP_int","CSP_int (recirculating)"
"166",2050,"cooling system",10,0.15,"intermediate generation","solar","CSP_int","CSP_int (recirculating)"
"167",2050,"cooling system",62,0.15,"intermediate generation","solar","CSP_int","CSP_int (recirculating)"
"168",2050,"capital",550,0.13,"intermediate generation","solar","CSP_int","CSP_int (recirculating)"
"169",2055,"cooling system",10,0.15,"intermediate generation","solar","CSP_int","CSP_int (recirculating)"
"170",2055,"cooling system",62,0.15,"intermediate generation","solar","CSP_int","CSP_int (recirculating)"
"171",2055,"capital",535,0.13,"intermediate generation","solar","CSP_int","CSP_int (recirculating)"
"172",2060,"cooling system",10,0.15,"intermediate generation","solar","CSP_int","CSP_int (recirculating)"
"173",2060,"cooling system",62,0.15,"intermediate generation","solar","CSP_int","CSP_int (recirculating)"
"174",2060,"capital",524,0.13,"intermediate generation","solar","CSP_int","CSP_int (recirculating)"
"175",2065,"cooling system",10,0.15,"intermediate generation","solar","CSP_int","CSP_int (recirculating)"
"176",2065,"cooling system",62,0.15,"intermediate generation","solar","CSP_int","CSP_int (recirculating)"
"177",2065,"capital",517,0.13,"intermediate generation","solar","CSP_int","CSP_int (recirculating)"
"178",2070,"cooling system",10,0.15,"intermediate generation","solar","CSP_int","CSP_int (recirculating)"
"179",2070,"cooling system",62,0.15,"intermediate generation","solar","CSP_int","CSP_int (recirculating)"
"180",2070,"capital",513,0.13,"intermediate generation","solar","CSP_int","CSP_int (recirculating)"
"181",2075,"cooling system",10,0.15,"intermediate generation","solar","CSP_int","CSP_int (recirculating)"
"182",2075,"cooling system",62,0.15,"intermediate generation","solar","CSP_int","CSP_int (recirculating)"
"183",2075,"capital",510,0.13,"intermediate generation","solar","CSP_int","CSP_int (recirculating)"
"184",2080,"cooling system",10,0.15,"intermediate generation","solar","CSP_int","CSP_int (recirculating)"
"185",2080,"cooling system",62,0.15,"intermediate generation","solar","CSP_int","CSP_int (recirculating)"
"186",2080,"capital",508,0.13,"intermediate generation","solar","CSP_int","CSP_int (recirculating)"
"187",2085,"cooling system",10,0.15,"intermediate generation","solar","CSP_int","CSP_int (recirculating)"
"188",2085,"cooling system",62,0.15,"intermediate generation","solar","CSP_int","CSP_int (recirculating)"
"189",2085,"capital",507,0.13,"intermediate generation","solar","CSP_int","CSP_int (recirculating)"
"190",2090,"cooling system",10,0.15,"intermediate generation","solar","CSP_int","CSP_int (recirculating)"
"191",2090,"cooling system",62,0.15,"intermediate generation","solar","CSP_int","CSP_int (recirculating)"
"192",2090,"capital",506,0.13,"intermediate generation","solar","CSP_int","CSP_int (recirculating)"
"193",2095,"cooling system",10,0.15,"intermediate generation","solar","CSP_int","CSP_int (recirculating)"
"194",2095,"cooling system",62,0.15,"intermediate generation","solar","CSP_int","CSP_int (recirculating)"
"195",2095,"capital",505,0.13,"intermediate generation","solar","CSP_int","CSP_int (recirculating)"
"196",2100,"cooling system",10,0.15,"intermediate generation","solar","CSP_int","CSP_int (recirculating)"
"197",2100,"cooling system",62,0.15,"intermediate generation","solar","CSP_int","CSP_int (recirculating)"
"198",2100,"capital",505,0.13,"intermediate generation","solar","CSP_int","CSP_int (recirculating)"
"199",1975,"capital",667,0.13,"intermediate generation","solar","PV_int","PV_int"
"200",1990,"capital",667,0.13,"intermediate generation","solar","PV_int","PV_int"
"201",2005,"capital",667,0.13,"intermediate generation","solar","PV_int","PV_int"
"202",2010,"capital",667,0.13,"intermediate generation","solar","PV_int","PV_int"
"203",2015,"capital",667,0.13,"intermediate generation","solar","PV_int","PV_int"
"204",2020,"capital",478,0.13,"intermediate generation","solar","PV_int","PV_int"
"205",2025,"capital",367,0.13,"intermediate generation","solar","PV_int","PV_int"
"206",2030,"capital",301,0.13,"intermediate generation","solar","PV_int","PV_int"
"207",2035,"capital",263,0.13,"intermediate generation","solar","PV_int","PV_int"
"208",2040,"capital",240,0.13,"intermediate generation","solar","PV_int","PV_int"
"209",2045,"capital",226,0.13,"intermediate generation","solar","PV_int","PV_int"
"210",2050,"capital",218,0.13,"intermediate generation","solar","PV_int","PV_int"
"211",2055,"capital",213,0.13,"intermediate generation","solar","PV_int","PV_int"
"212",2060,"capital",211,0.13,"intermediate generation","solar","PV_int","PV_int"
"213",2065,"capital",209,0.13,"intermediate generation","solar","PV_int","PV_int"
"214",2070,"capital",208,0.13,"intermediate generation","solar","PV_int","PV_int"
"215",2075,"capital",207,0.13,"intermediate generation","solar","PV_int","PV_int"
"216",2080,"capital",207,0.13,"intermediate generation","solar","PV_int","PV_int"
"217",2085,"capital",207,0.13,"intermediate generation","solar","PV_int","PV_int"
"218",2090,"capital",207,0.13,"intermediate generation","solar","PV_int","PV_int"
"219",2095,"capital",207,0.13,"intermediate generation","solar","PV_int","PV_int"
"220",2100,"capital",207,0.13,"intermediate generation","solar","PV_int","PV_int"
"221",1975,"capital",451,0.13,"intermediate generation","wind","wind_int","wind_int"
"222",1990,"capital",451,0.13,"intermediate generation","wind","wind_int","wind_int"
"223",2005,"capital",451,0.13,"intermediate generation","wind","wind_int","wind_int"
"224",2010,"capital",451,0.13,"intermediate generation","wind","wind_int","wind_int"
"225",2015,"capital",451,0.13,"intermediate generation","wind","wind_int","wind_int"
"226",2020,"capital",406,0.13,"intermediate generation","wind","wind_int","wind_int"
"227",2025,"capital",371,0.13,"intermediate generation","wind","wind_int","wind_int"
"228",2030,"capital",345,0.13,"intermediate generation","wind","wind_int","wind_int"
"229",2035,"capital",324,0.13,"intermediate generation","wind","wind_int","wind_int"
"230",2040,"capital",308,0.13,"intermediate generation","wind","wind_int","wind_int"
"231",2045,"capital",295,0.13,"intermediate generation","wind","wind_int","wind_int"
"232",2050,"capital",286,0.13,"intermediate generation","wind","wind_int","wind_int"
"233",2055,"capital",278,0.13,"intermediate generation","wind","wind_int","wind_int"
"234",2060,"capital",272,0.13,"intermediate generation","wind","wind_int","wind_int"
"235",2065,"capital",268,0.13,"intermediate generation","wind","wind_int","wind_int"
"236",2070,"capital",264,0.13,"intermediate generation","wind","wind_int","wind_int"
"237",2075,"capital",262,0.13,"intermediate generation","wind","wind_int","wind_int"
"238",2080,"capital",260,0.13,"intermediate generation","wind","wind_int","wind_int"
"239",2085,"capital",258,0.13,"intermediate generation","wind","wind_int","wind_int"
"240",2090,"capital",257,0.13,"intermediate generation","wind","wind_int","wind_int"
"241",2095,"capital",256,0.13,"intermediate generation","wind","wind_int","wind_int"
"242",2100,"capital",255,0.13,"intermediate generation","wind","wind_int","wind_int"
"243",1975,"cooling system",10,0.15,"peak generation","solar","CSP_peak","CSP_peak (dry_hybrid)"
"244",1975,"cooling system",62,0.15,"peak generation","solar","CSP_peak","CSP_peak (dry_hybrid)"
"245",1975,"capital",1362,0.13,"peak generation","solar","CSP_peak","CSP_peak (dry_hybrid)"
"246",1990,"cooling system",10,0.15,"peak generation","solar","CSP_peak","CSP_peak (dry_hybrid)"
"247",1990,"cooling system",62,0.15,"peak generation","solar","CSP_peak","CSP_peak (dry_hybrid)"
"248",1990,"capital",1362,0.13,"peak generation","solar","CSP_peak","CSP_peak (dry_hybrid)"
"249",2005,"cooling system",10,0.15,"peak generation","solar","CSP_peak","CSP_peak (dry_hybrid)"
"250",2005,"cooling system",62,0.15,"peak generation","solar","CSP_peak","CSP_peak (dry_hybrid)"
"251",2005,"capital",1362,0.13,"peak generation","solar","CSP_peak","CSP_peak (dry_hybrid)"
"252",2010,"cooling system",10,0.15,"peak generation","solar","CSP_peak","CSP_peak (dry_hybrid)"
"253",2010,"cooling system",62,0.15,"peak generation","solar","CSP_peak","CSP_peak (dry_hybrid)"
"254",2010,"capital",1362,0.13,"peak generation","solar","CSP_peak","CSP_peak (dry_hybrid)"
"255",2015,"cooling system",10,0.15,"peak generation","solar","CSP_peak","CSP_peak (dry_hybrid)"
"256",2015,"cooling system",62,0.15,"peak generation","solar","CSP_peak","CSP_peak (dry_hybrid)"
"257",2015,"capital",1362,0.13,"peak generation","solar","CSP_peak","CSP_peak (dry_hybrid)"
"258",2020,"cooling system",10,0.15,"peak generation","solar","CSP_peak","CSP_peak (dry_hybrid)"
"259",2020,"cooling system",62,0.15,"peak generation","solar","CSP_peak","CSP_peak (dry_hybrid)"
"260",2020,"capital",1070,0.13,"peak generation","solar","CSP_peak","CSP_peak (dry_hybrid)"
"261",2025,"cooling system",10,0.15,"peak generation","solar","CSP_peak","CSP_peak (dry_hybrid)"
"262",2025,"cooling system",62,0.15,"peak generation","solar","CSP_peak","CSP_peak (dry_hybrid)"
"263",2025,"capital",877,0.13,"peak generation","solar","CSP_peak","CSP_peak (dry_hybrid)"
"264",2030,"cooling system",10,0.15,"peak generation","solar","CSP_peak","CSP_peak (dry_hybrid)"
"265",2030,"cooling system",62,0.15,"peak generation","solar","CSP_peak","CSP_peak (dry_hybrid)"
"266",2030,"capital",750,0.13,"peak generation","solar","CSP_peak","CSP_peak (dry_hybrid)"
"267",2035,"cooling system",10,0.15,"peak generation","solar","CSP_peak","CSP_peak (dry_hybrid)"
"268",2035,"cooling system",62,0.15,"peak generation","solar","CSP_peak","CSP_peak (dry_hybrid)"
"269",2035,"capital",666,0.13,"peak generation","solar","CSP_peak","CSP_peak (dry_hybrid)"
"270",2040,"cooling system",10,0.15,"peak generation","solar","CSP_peak","CSP_peak (dry_hybrid)"
"271",2040,"cooling system",62,0.15,"peak generation","solar","CSP_peak","CSP_peak (dry_hybrid)"
"272",2040,"capital",611,0.13,"peak generation","solar","CSP_peak","CSP_peak (dry_hybrid)"
"273",2045,"cooling system",10,0.15,"peak generation","solar","CSP_peak","CSP_peak (dry_hybrid)"
"274",2045,"cooling system",62,0.15,"peak generation","solar","CSP_peak","CSP_peak (dry_hybrid)"
"275",2045,"capital",574,0.13,"peak generation","solar","CSP_peak","CSP_peak (dry_hybrid)"
"276",2050,"cooling system",10,0.15,"peak generation","solar","CSP_peak","CSP_peak (dry_hybrid)"
"277",2050,"cooling system",62,0.15,"peak generation","solar","CSP_peak","CSP_peak (dry_hybrid)"
"278",2050,"capital",550,0.13,"peak generation","solar","CSP_peak","CSP_peak (dry_hybrid)"
"279",2055,"cooling system",10,0.15,"peak generation","solar","CSP_peak","CSP_peak (dry_hybrid)"
"280",2055,"cooling system",62,0.15,"peak generation","solar","CSP_peak","CSP_peak (dry_hybrid)"
"281",2055,"capital",535,0.13,"peak generation","solar","CSP_peak","CSP_peak (dry_hybrid)"
"282",2060,"cooling system",10,0.15,"peak generation","solar","CSP_peak","CSP_peak (dry_hybrid)"
"283",2060,"cooling system",62,0.15,"peak generation","solar","CSP_peak","CSP_peak (dry_hybrid)"
"284",2060,"capital",524,0.13,"peak generation","solar","CSP_peak","CSP_peak (dry_hybrid)"
"285",2065,"cooling system",10,0.15,"peak generation","solar","CSP_peak","CSP_peak (dry_hybrid)"
"286",2065,"cooling system",62,0.15,"peak generation","solar","CSP_peak","CSP_peak (dry_hybrid)"
"287",2065,"capital",517,0.13,"peak generation","solar","CSP_peak","CSP_peak (dry_hybrid)"
"288",2070,"cooling system",10,0.15,"peak generation","solar","CSP_peak","CSP_peak (dry_hybrid)"
"289",2070,"cooling system",62,0.15,"peak generation","solar","CSP_peak","CSP_peak (dry_hybrid)"
"290",2070,"capital",513,0.13,"peak generation","solar","CSP_peak","CSP_peak (dry_hybrid)"
"291",2075,"cooling system",10,0.15,"peak generation","solar","CSP_peak","CSP_peak (dry_hybrid)"
"292",2075,"cooling system",62,0.15,"peak generation","solar","CSP_peak","CSP_peak (dry_hybrid)"
"293",2075,"capital",510,0.13,"peak generation","solar","CSP_peak","CSP_peak (dry_hybrid)"
"294",2080,"cooling system",10,0.15,"peak generation","solar","CSP_peak","CSP_peak (dry_hybrid)"
"295",2080,"cooling system",62,0.15,"peak generation","solar","CSP_peak","CSP_peak (dry_hybrid)"
"296",2080,"capital",508,0.13,"peak generation","solar","CSP_peak","CSP_peak (dry_hybrid)"
"297",2085,"cooling system",10,0.15,"peak generation","solar","CSP_peak","CSP_peak (dry_hybrid)"
"298",2085,"cooling system",62,0.15,"peak generation","solar","CSP_peak","CSP_peak (dry_hybrid)"
"299",2085,"capital",507,0.13,"peak generation","solar","CSP_peak","CSP_peak (dry_hybrid)"
"300",2090,"cooling system",10,0.15,"peak generation","solar","CSP_peak","CSP_peak (dry_hybrid)"
"301",2090,"cooling system",62,0.15,"peak generation","solar","CSP_peak","CSP_peak (dry_hybrid)"
"302",2090,"capital",506,0.13,"peak generation","solar","CSP_peak","CSP_peak (dry_hybrid)"
"303",2095,"cooling system",10,0.15,"peak generation","solar","CSP_peak","CSP_peak (dry_hybrid)"
"304",2095,"cooling system",62,0.15,"peak generation","solar","CSP_peak","CSP_peak (dry_hybrid)"
"305",2095,"capital",505,0.13,"peak generation","solar","CSP_peak","CSP_peak (dry_hybrid)"
"306",2100,"cooling system",10,0.15,"peak generation","solar","CSP_peak","CSP_peak (dry_hybrid)"
"307",2100,"cooling system",62,0.15,"peak generation","solar","CSP_peak","CSP_peak (dry_hybrid)"
"308",2100,"capital",505,0.13,"peak generation","solar","CSP_peak","CSP_peak (dry_hybrid)"
"309",1975,"cooling system",10,0.15,"peak generation","solar","CSP_peak","CSP_peak (recirculating)"
"310",1975,"cooling system",62,0.15,"peak generation","solar","CSP_peak","CSP_peak (recirculating)"
"311",1975,"capital",1362,0.13,"peak generation","solar","CSP_peak","CSP_peak (recirculating)"
"312",1990,"cooling system",10,0.15,"peak generation","solar","CSP_peak","CSP_peak (recirculating)"
"313",1990,"cooling system",62,0.15,"peak generation","solar","CSP_peak","CSP_peak (recirculating)"
"314",1990,"capital",1362,0.13,"peak generation","solar","CSP_peak","CSP_peak (recirculating)"
"315",2005,"cooling system",10,0.15,"peak generation","solar","CSP_peak","CSP_peak (recirculating)"
"316",2005,"cooling system",62,0.15,"peak generation","solar","CSP_peak","CSP_peak (recirculating)"
"317",2005,"capital",1362,0.13,"peak generation","solar","CSP_peak","CSP_peak (recirculating)"
"318",2010,"cooling system",10,0.15,"peak generation","solar","CSP_peak","CSP_peak (recirculating)"
"319",2010,"cooling system",62,0.15,"peak generation","solar","CSP_peak","CSP_peak (recirculating)"
"320",2010,"capital",1362,0.13,"peak generation","solar","CSP_peak","CSP_peak (recirculating)"
"321",2015,"cooling system",10,0.15,"peak generation","solar","CSP_peak","CSP_peak (recirculating)"
"322",2015,"cooling system",62,0.15,"peak generation","solar","CSP_peak","CSP_peak (recirculating)"
"323",2015,"capital",1362,0.13,"peak generation","solar","CSP_peak","CSP_peak (recirculating)"
"324",2020,"cooling system",10,0.15,"peak generation","solar","CSP_peak","CSP_peak (recirculating)"
"325",2020,"cooling system",62,0.15,"peak generation","solar","CSP_peak","CSP_peak (recirculating)"
"326",2020,"capital",1070,0.13,"peak generation","solar","CSP_peak","CSP_peak (recirculating)"
"327",2025,"cooling system",10,0.15,"peak generation","solar","CSP_peak","CSP_peak (recirculating)"
"328",2025,"cooling system",62,0.15,"peak generation","solar","CSP_peak","CSP_peak (recirculating)"
"329",2025,"capital",877,0.13,"peak generation","solar","CSP_peak","CSP_peak (recirculating)"
"330",2030,"cooling system",10,0.15,"peak generation","solar","CSP_peak","CSP_peak (recirculating)"
"331",2030,"cooling system",62,0.15,"peak generation","solar","CSP_peak","CSP_peak (recirculating)"
"332",2030,"capital",750,0.13,"peak generation","solar","CSP_peak","CSP_peak (recirculating)"
"333",2035,"cooling system",10,0.15,"peak generation","solar","CSP_peak","CSP_peak (recirculating)"
"334",2035,"cooling system",62,0.15,"peak generation","solar","CSP_peak","CSP_peak (recirculating)"
"335",2035,"capital",666,0.13,"peak generation","solar","CSP_peak","CSP_peak (recirculating)"
"336",2040,"cooling system",10,0.15,"peak generation","solar","CSP_peak","CSP_peak (recirculating)"
"337",2040,"cooling system",62,0.15,"peak generation","solar","CSP_peak","CSP_peak (recirculating)"
"338",2040,"capital",611,0.13,"peak generation","solar","CSP_peak","CSP_peak (recirculating)"
"339",2045,"cooling system",10,0.15,"peak generation","solar","CSP_peak","CSP_peak (recirculating)"
"340",2045,"cooling system",62,0.15,"peak generation","solar","CSP_peak","CSP_peak (recirculating)"
"341",2045,"capital",574,0.13,"peak generation","solar","CSP_peak","CSP_peak (recirculating)"
"342",2050,"cooling system",10,0.15,"peak generation","solar","CSP_peak","CSP_peak (recirculating)"
"343",2050,"cooling system",62,0.15,"peak generation","solar","CSP_peak","CSP_peak (recirculating)"
"344",2050,"capital",550,0.13,"peak generation","solar","CSP_peak","CSP_peak (recirculating)"
"345",2055,"cooling system",10,0.15,"peak generation","solar","CSP_peak","CSP_peak (recirculating)"
"346",2055,"cooling system",62,0.15,"peak generation","solar","CSP_peak","CSP_peak (recirculating)"
"347",2055,"capital",535,0.13,"peak generation","solar","CSP_peak","CSP_peak (recirculating)"
"348",2060,"cooling system",10,0.15,"peak generation","solar","CSP_peak","CSP_peak (recirculating)"
"349",2060,"cooling system",62,0.15,"peak generation","solar","CSP_peak","CSP_peak (recirculating)"
"350",2060,"capital",524,0.13,"peak generation","solar","CSP_peak","CSP_peak (recirculating)"
"351",2065,"cooling system",10,0.15,"peak generation","solar","CSP_peak","CSP_peak (recirculating)"
"352",2065,"cooling system",62,0.15,"peak generation","solar","CSP_peak","CSP_peak (recirculating)"
"353",2065,"capital",517,0.13,"peak generation","solar","CSP_peak","CSP_peak (recirculating)"
"354",2070,"cooling system",10,0.15,"peak generation","solar","CSP_peak","CSP_peak (recirculating)"
"355",2070,"cooling system",62,0.15,"peak generation","solar","CSP_peak","CSP_peak (recirculating)"
"356",2070,"capital",513,0.13,"peak generation","solar","CSP_peak","CSP_peak (recirculating)"
"357",2075,"cooling system",10,0.15,"peak generation","solar","CSP_peak","CSP_peak (recirculating)"
"358",2075,"cooling system",62,0.15,"peak generation","solar","CSP_peak","CSP_peak (recirculating)"
"359",2075,"capital",510,0.13,"peak generation","solar","CSP_peak","CSP_peak (recirculating)"
"360",2080,"cooling system",10,0.15,"peak generation","solar","CSP_peak","CSP_peak (recirculating)"
"361",2080,"cooling system",62,0.15,"peak generation","solar","CSP_peak","CSP_peak (recirculating)"
"362",2080,"capital",508,0.13,"peak generation","solar","CSP_peak","CSP_peak (recirculating)"
"363",2085,"cooling system",10,0.15,"peak generation","solar","CSP_peak","CSP_peak (recirculating)"
"364",2085,"cooling system",62,0.15,"peak generation","solar","CSP_peak","CSP_peak (recirculating)"
"365",2085,"capital",507,0.13,"peak generation","solar","CSP_peak","CSP_peak (recirculating)"
"366",2090,"cooling system",10,0.15,"peak generation","solar","CSP_peak","CSP_peak (recirculating)"
"367",2090,"cooling system",62,0.15,"peak generation","solar","CSP_peak","CSP_peak (recirculating)"
"368",2090,"capital",506,0.13,"peak generation","solar","CSP_peak","CSP_peak (recirculating)"
"369",2095,"cooling system",10,0.15,"peak generation","solar","CSP_peak","CSP_peak (recirculating)"
"370",2095,"cooling system",62,0.15,"peak generation","solar","CSP_peak","CSP_peak (recirculating)"
"371",2095,"capital",505,0.13,"peak generation","solar","CSP_peak","CSP_peak (recirculating)"
"372",2100,"cooling system",10,0.15,"peak generation","solar","CSP_peak","CSP_peak (recirculating)"
"373",2100,"cooling system",62,0.15,"peak generation","solar","CSP_peak","CSP_peak (recirculating)"
"374",2100,"capital",505,0.13,"peak generation","solar","CSP_peak","CSP_peak (recirculating)"
"375",1975,"capital",667,0.13,"peak generation","solar","PV_peak","PV_peak"
"376",1990,"capital",667,0.13,"peak generation","solar","PV_peak","PV_peak"
"377",2005,"capital",667,0.13,"peak generation","solar","PV_peak","PV_peak"
"378",2010,"capital",667,0.13,"peak generation","solar","PV_peak","PV_peak"
"379",2015,"capital",667,0.13,"peak generation","solar","PV_peak","PV_peak"
"380",2020,"capital",478,0.13,"peak generation","solar","PV_peak","PV_peak"
"381",2025,"capital",367,0.13,"peak generation","solar","PV_peak","PV_peak"
"382",2030,"capital",301,0.13,"peak generation","solar","PV_peak","PV_peak"
"383",2035,"capital",263,0.13,"peak generation","solar","PV_peak","PV_peak"
"384",2040,"capital",240,0.13,"peak generation","solar","PV_peak","PV_peak"
"385",2045,"capital",226,0.13,"peak generation","solar","PV_peak","PV_peak"
"386",2050,"capital",218,0.13,"peak generation","solar","PV_peak","PV_peak"
"387",2055,"capital",213,0.13,"peak generation","solar","PV_peak","PV_peak"
"388",2060,"capital",211,0.13,"peak generation","solar","PV_peak","PV_peak"
"389",2065,"capital",209,0.13,"peak generation","solar","PV_peak","PV_peak"
"390",2070,"capital",208,0.13,"peak generation","solar","PV_peak","PV_peak"
"391",2075,"capital",207,0.13,"peak generation","solar","PV_peak","PV_peak"
"392",2080,"capital",207,0.13,"peak generation","solar","PV_peak","PV_peak"
"393",2085,"capital",207,0.13,"peak generation","solar","PV_peak","PV_peak"
"394",2090,"capital",207,0.13,"peak generation","solar","PV_peak","PV_peak"
"395",2095,"capital",207,0.13,"peak generation","solar","PV_peak","PV_peak"
"396",2100,"capital",207,0.13,"peak generation","solar","PV_peak","PV_peak"
"397",1975,"cooling system",10,0.15,"subpeak generation","solar","CSP_subpeak","CSP_subpeak (dry_hybrid)"
"398",1975,"cooling system",62,0.15,"subpeak generation","solar","CSP_subpeak","CSP_subpeak (dry_hybrid)"
"399",1975,"capital",1362,0.13,"subpeak generation","solar","CSP_subpeak","CSP_subpeak (dry_hybrid)"
"400",1990,"cooling system",10,0.15,"subpeak generation","solar","CSP_subpeak","CSP_subpeak (dry_hybrid)"
"401",1990,"cooling system",62,0.15,"subpeak generation","solar","CSP_subpeak","CSP_subpeak (dry_hybrid)"
"402",1990,"capital",1362,0.13,"subpeak generation","solar","CSP_subpeak","CSP_subpeak (dry_hybrid)"
"403",2005,"cooling system",10,0.15,"subpeak generation","solar","CSP_subpeak","CSP_subpeak (dry_hybrid)"
"404",2005,"cooling system",62,0.15,"subpeak generation","solar","CSP_subpeak","CSP_subpeak (dry_hybrid)"
"405",2005,"capital",1362,0.13,"subpeak generation","solar","CSP_subpeak","CSP_subpeak (dry_hybrid)"
"406",2010,"cooling system",10,0.15,"subpeak generation","solar","CSP_subpeak","CSP_subpeak (dry_hybrid)"
"407",2010,"cooling system",62,0.15,"subpeak generation","solar","CSP_subpeak","CSP_subpeak (dry_hybrid)"
"408",2010,"capital",1362,0.13,"subpeak generation","solar","CSP_subpeak","CSP_subpeak (dry_hybrid)"
"409",2015,"cooling system",10,0.15,"subpeak generation","solar","CSP_subpeak","CSP_subpeak (dry_hybrid)"
"410",2015,"cooling system",62,0.15,"subpeak generation","solar","CSP_subpeak","CSP_subpeak (dry_hybrid)"
"411",2015,"capital",1362,0.13,"subpeak generation","solar","CSP_subpeak","CSP_subpeak (dry_hybrid)"
"412",2020,"cooling system",10,0.15,"subpeak generation","solar","CSP_subpeak","CSP_subpeak (dry_hybrid)"
"413",2020,"cooling system",62,0.15,"subpeak generation","solar","CSP_subpeak","CSP_subpeak (dry_hybrid)"
"414",2020,"capital",1070,0.13,"subpeak generation","solar","CSP_subpeak","CSP_subpeak (dry_hybrid)"
"415",2025,"cooling system",10,0.15,"subpeak generation","solar","CSP_subpeak","CSP_subpeak (dry_hybrid)"
"416",2025,"cooling system",62,0.15,"subpeak generation","solar","CSP_subpeak","CSP_subpeak (dry_hybrid)"
"417",2025,"capital",877,0.13,"subpeak generation","solar","CSP_subpeak","CSP_subpeak (dry_hybrid)"
"418",2030,"cooling system",10,0.15,"subpeak generation","solar","CSP_subpeak","CSP_subpeak (dry_hybrid)"
"419",2030,"cooling system",62,0.15,"subpeak generation","solar","CSP_subpeak","CSP_subpeak (dry_hybrid)"
"420",2030,"capital",750,0.13,"subpeak generation","solar","CSP_subpeak","CSP_subpeak (dry_hybrid)"
"421",2035,"cooling system",10,0.15,"subpeak generation","solar","CSP_subpeak","CSP_subpeak (dry_hybrid)"
"422",2035,"cooling system",62,0.15,"subpeak generation","solar","CSP_subpeak","CSP_subpeak (dry_hybrid)"
"423",2035,"capital",666,0.13,"subpeak generation","solar","CSP_subpeak","CSP_subpeak (dry_hybrid)"
"424",2040,"cooling system",10,0.15,"subpeak generation","solar","CSP_subpeak","CSP_subpeak (dry_hybrid)"
"425",2040,"cooling system",62,0.15,"subpeak generation","solar","CSP_subpeak","CSP_subpeak (dry_hybrid)"
"426",2040,"capital",611,0.13,"subpeak generation","solar","CSP_subpeak","CSP_subpeak (dry_hybrid)"
"427",2045,"cooling system",10,0.15,"subpeak generation","solar","CSP_subpeak","CSP_subpeak (dry_hybrid)"
"428",2045,"cooling system",62,0.15,"subpeak generation","solar","CSP_subpeak","CSP_subpeak (dry_hybrid)"
"429",2045,"capital",574,0.13,"subpeak generation","solar","CSP_subpeak","CSP_subpeak (dry_hybrid)"
"430",2050,"cooling system",10,0.15,"subpeak generation","solar","CSP_subpeak","CSP_subpeak (dry_hybrid)"
"431",2050,"cooling system",62,0.15,"subpeak generation","solar","CSP_subpeak","CSP_subpeak (dry_hybrid)"
"432",2050,"capital",550,0.13,"subpeak generation","solar","CSP_subpeak","CSP_subpeak (dry_hybrid)"
"433",2055,"cooling system",10,0.15,"subpeak generation","solar","CSP_subpeak","CSP_subpeak (dry_hybrid)"
"434",2055,"cooling system",62,0.15,"subpeak generation","solar","CSP_subpeak","CSP_subpeak (dry_hybrid)"
"435",2055,"capital",535,0.13,"subpeak generation","solar","CSP_subpeak","CSP_subpeak (dry_hybrid)"
"436",2060,"cooling system",10,0.15,"subpeak generation","solar","CSP_subpeak","CSP_subpeak (dry_hybrid)"
"437",2060,"cooling system",62,0.15,"subpeak generation","solar","CSP_subpeak","CSP_subpeak (dry_hybrid)"
"438",2060,"capital",524,0.13,"subpeak generation","solar","CSP_subpeak","CSP_subpeak (dry_hybrid)"
"439",2065,"cooling system",10,0.15,"subpeak generation","solar","CSP_subpeak","CSP_subpeak (dry_hybrid)"
"440",2065,"cooling system",62,0.15,"subpeak generation","solar","CSP_subpeak","CSP_subpeak (dry_hybrid)"
"441",2065,"capital",517,0.13,"subpeak generation","solar","CSP_subpeak","CSP_subpeak (dry_hybrid)"
"442",2070,"cooling system",10,0.15,"subpeak generation","solar","CSP_subpeak","CSP_subpeak (dry_hybrid)"
"443",2070,"cooling system",62,0.15,"subpeak generation","solar","CSP_subpeak","CSP_subpeak (dry_hybrid)"
"444",2070,"capital",513,0.13,"subpeak generation","solar","CSP_subpeak","CSP_subpeak (dry_hybrid)"
"445",2075,"cooling system",10,0.15,"subpeak generation","solar","CSP_subpeak","CSP_subpeak (dry_hybrid)"
"446",2075,"cooling system",62,0.15,"subpeak generation","solar","CSP_subpeak","CSP_subpeak (dry_hybrid)"
"447",2075,"capital",510,0.13,"subpeak generation","solar","CSP_subpeak","CSP_subpeak (dry_hybrid)"
"448",2080,"cooling system",10,0.15,"subpeak generation","solar","CSP_subpeak","CSP_subpeak (dry_hybrid)"
"449",2080,"cooling system",62,0.15,"subpeak generation","solar","CSP_subpeak","CSP_subpeak (dry_hybrid)"
"450",2080,"capital",508,0.13,"subpeak generation","solar","CSP_subpeak","CSP_subpeak (dry_hybrid)"
"451",2085,"cooling system",10,0.15,"subpeak generation","solar","CSP_subpeak","CSP_subpeak (dry_hybrid)"
"452",2085,"cooling system",62,0.15,"subpeak generation","solar","CSP_subpeak","CSP_subpeak (dry_hybrid)"
"453",2085,"capital",507,0.13,"subpeak generation","solar","CSP_subpeak","CSP_subpeak (dry_hybrid)"
"454",2090,"cooling system",10,0.15,"subpeak generation","solar","CSP_subpeak","CSP_subpeak (dry_hybrid)"
"455",2090,"cooling system",62,0.15,"subpeak generation","solar","CSP_subpeak","CSP_subpeak (dry_hybrid)"
"456",2090,"capital",506,0.13,"subpeak generation","solar","CSP_subpeak","CSP_subpeak (dry_hybrid)"
"457",2095,"cooling system",10,0.15,"subpeak generation","solar","CSP_subpeak","CSP_subpeak (dry_hybrid)"
"458",2095,"cooling system",62,0.15,"subpeak generation","solar","CSP_subpeak","CSP_subpeak (dry_hybrid)"
"459",2095,"capital",505,0.13,"subpeak generation","solar","CSP_subpeak","CSP_subpeak (dry_hybrid)"
"460",2100,"cooling system",10,0.15,"subpeak generation","solar","CSP_subpeak","CSP_subpeak (dry_hybrid)"
"461",2100,"cooling system",62,0.15,"subpeak generation","solar","CSP_subpeak","CSP_subpeak (dry_hybrid)"
"462",2100,"capital",505,0.13,"subpeak generation","solar","CSP_subpeak","CSP_subpeak (dry_hybrid)"
"463",1975,"cooling system",10,0.15,"subpeak generation","solar","CSP_subpeak","CSP_subpeak (recirculating)"
"464",1975,"cooling system",62,0.15,"subpeak generation","solar","CSP_subpeak","CSP_subpeak (recirculating)"
"465",1975,"capital",1362,0.13,"subpeak generation","solar","CSP_subpeak","CSP_subpeak (recirculating)"
"466",1990,"cooling system",10,0.15,"subpeak generation","solar","CSP_subpeak","CSP_subpeak (recirculating)"
"467",1990,"cooling system",62,0.15,"subpeak generation","solar","CSP_subpeak","CSP_subpeak (recirculating)"
"468",1990,"capital",1362,0.13,"subpeak generation","solar","CSP_subpeak","CSP_subpeak (recirculating)"
"469",2005,"cooling system",10,0.15,"subpeak generation","solar","CSP_subpeak","CSP_subpeak (recirculating)"
"470",2005,"cooling system",62,0.15,"subpeak generation","solar","CSP_subpeak","CSP_subpeak (recirculating)"
"471",2005,"capital",1362,0.13,"subpeak generation","solar","CSP_subpeak","CSP_subpeak (recirculating)"
"472",2010,"cooling system",10,0.15,"subpeak generation","solar","CSP_subpeak","CSP_subpeak (recirculating)"
"473",2010,"cooling system",62,0.15,"subpeak generation","solar","CSP_subpeak","CSP_subpeak (recirculating)"
"474",2010,"capital",1362,0.13,"subpeak generation","solar","CSP_subpeak","CSP_subpeak (recirculating)"
"475",2015,"cooling system",10,0.15,"subpeak generation","solar","CSP_subpeak","CSP_subpeak (recirculating)"
"476",2015,"cooling system",62,0.15,"subpeak generation","solar","CSP_subpeak","CSP_subpeak (recirculating)"
"477",2015,"capital",1362,0.13,"subpeak generation","solar","CSP_subpeak","CSP_subpeak (recirculating)"
"478",2020,"cooling system",10,0.15,"subpeak generation","solar","CSP_subpeak","CSP_subpeak (recirculating)"
"479",2020,"cooling system",62,0.15,"subpeak generation","solar","CSP_subpeak","CSP_subpeak (recirculating)"
"480",2020,"capital",1070,0.13,"subpeak generation","solar","CSP_subpeak","CSP_subpeak (recirculating)"
"481",2025,"cooling system",10,0.15,"subpeak generation","solar","CSP_subpeak","CSP_subpeak (recirculating)"
"482",2025,"cooling system",62,0.15,"subpeak generation","solar","CSP_subpeak","CSP_subpeak (recirculating)"
"483",2025,"capital",877,0.13,"subpeak generation","solar","CSP_subpeak","CSP_subpeak (recirculating)"
"484",2030,"cooling system",10,0.15,"subpeak generation","solar","CSP_subpeak","CSP_subpeak (recirculating)"
"485",2030,"cooling system",62,0.15,"subpeak generation","solar","CSP_subpeak","CSP_subpeak (recirculating)"
"486",2030,"capital",750,0.13,"subpeak generation","solar","CSP_subpeak","CSP_subpeak (recirculating)"
"487",2035,"cooling system",10,0.15,"subpeak generation","solar","CSP_subpeak","CSP_subpeak (recirculating)"
"488",2035,"cooling system",62,0.15,"subpeak generation","solar","CSP_subpeak","CSP_subpeak (recirculating)"
"489",2035,"capital",666,0.13,"subpeak generation","solar","CSP_subpeak","CSP_subpeak (recirculating)"
"490",2040,"cooling system",10,0.15,"subpeak generation","solar","CSP_subpeak","CSP_subpeak (recirculating)"
"491",2040,"cooling system",62,0.15,"subpeak generation","solar","CSP_subpeak","CSP_subpeak (recirculating)"
"492",2040,"capital",611,0.13,"subpeak generation","solar","CSP_subpeak","CSP_subpeak (recirculating)"
"493",2045,"cooling system",10,0.15,"subpeak generation","solar","CSP_subpeak","CSP_subpeak (recirculating)"
"494",2045,"cooling system",62,0.15,"subpeak generation","solar","CSP_subpeak","CSP_subpeak (recirculating)"
"495",2045,"capital",574,0.13,"subpeak generation","solar","CSP_subpeak","CSP_subpeak (recirculating)"
"496",2050,"cooling system",10,0.15,"subpeak generation","solar","CSP_subpeak","CSP_subpeak (recirculating)"
"497",2050,"cooling system",62,0.15,"subpeak generation","solar","CSP_subpeak","CSP_subpeak (recirculating)"
"498",2050,"capital",550,0.13,"subpeak generation","solar","CSP_subpeak","CSP_subpeak (recirculating)"
"499",2055,"cooling system",10,0.15,"subpeak generation","solar","CSP_subpeak","CSP_subpeak (recirculating)"
"500",2055,"cooling system",62,0.15,"subpeak generation","solar","CSP_subpeak","CSP_subpeak (recirculating)"
"501",2055,"capital",535,0.13,"subpeak generation","solar","CSP_subpeak","CSP_subpeak (recirculating)"
"502",2060,"cooling system",10,0.15,"subpeak generation","solar","CSP_subpeak","CSP_subpeak (recirculating)"
"503",2060,"cooling system",62,0.15,"subpeak generation","solar","CSP_subpeak","CSP_subpeak (recirculating)"
"504",2060,"capital",524,0.13,"subpeak generation","solar","CSP_subpeak","CSP_subpeak (recirculating)"
"505",2065,"cooling system",10,0.15,"subpeak generation","solar","CSP_subpeak","CSP_subpeak (recirculating)"
"506",2065,"cooling system",62,0.15,"subpeak generation","solar","CSP_subpeak","CSP_subpeak (recirculating)"
"507",2065,"capital",517,0.13,"subpeak generation","solar","CSP_subpeak","CSP_subpeak (recirculating)"
"508",2070,"cooling system",10,0.15,"subpeak generation","solar","CSP_subpeak","CSP_subpeak (recirculating)"
"509",2070,"cooling system",62,0.15,"subpeak generation","solar","CSP_subpeak","CSP_subpeak (recirculating)"
"510",2070,"capital",513,0.13,"subpeak generation","solar","CSP_subpeak","CSP_subpeak (recirculating)"
"511",2075,"cooling system",10,0.15,"subpeak generation","solar","CSP_subpeak","CSP_subpeak (recirculating)"
"512",2075,"cooling system",62,0.15,"subpeak generation","solar","CSP_subpeak","CSP_subpeak (recirculating)"
"513",2075,"capital",510,0.13,"subpeak generation","solar","CSP_subpeak","CSP_subpeak (recirculating)"
"514",2080,"cooling system",10,0.15,"subpeak generation","solar","CSP_subpeak","CSP_subpeak (recirculating)"
"515",2080,"cooling system",62,0.15,"subpeak generation","solar","CSP_subpeak","CSP_subpeak (recirculating)"
"516",2080,"capital",508,0.13,"subpeak generation","solar","CSP_subpeak","CSP_subpeak (recirculating)"
"517",2085,"cooling system",10,0.15,"subpeak generation","solar","CSP_subpeak","CSP_subpeak (recirculating)"
"518",2085,"cooling system",62,0.15,"subpeak generation","solar","CSP_subpeak","CSP_subpeak (recirculating)"
"519",2085,"capital",507,0.13,"subpeak generation","solar","CSP_subpeak","CSP_subpeak (recirculating)"
"520",2090,"cooling system",10,0.15,"subpeak generation","solar","CSP_subpeak","CSP_subpeak (recirculating)"
"521",2090,"cooling system",62,0.15,"subpeak generation","solar","CSP_subpeak","CSP_subpeak (recirculating)"
"522",2090,"capital",506,0.13,"subpeak generation","solar","CSP_subpeak","CSP_subpeak (recirculating)"
"523",2095,"cooling system",10,0.15,"subpeak generation","solar","CSP_subpeak","CSP_subpeak (recirculating)"
"524",2095,"cooling system",62,0.15,"subpeak generation","solar","CSP_subpeak","CSP_subpeak (recirculating)"
"525",2095,"capital",505,0.13,"subpeak generation","solar","CSP_subpeak","CSP_subpeak (recirculating)"
"526",2100,"cooling system",10,0.15,"subpeak generation","solar","CSP_subpeak","CSP_subpeak (recirculating)"
"527",2100,"cooling system",62,0.15,"subpeak generation","solar","CSP_subpeak","CSP_subpeak (recirculating)"
"528",2100,"capital",505,0.13,"subpeak generation","solar","CSP_subpeak","CSP_subpeak (recirculating)"
"529",1975,"capital",667,0.13,"subpeak generation","solar","PV_subpeak","PV_subpeak"
"530",1990,"capital",667,0.13,"subpeak generation","solar","PV_subpeak","PV_subpeak"
"531",2005,"capital",667,0.13,"subpeak generation","solar","PV_subpeak","PV_subpeak"
"532",2010,"capital",667,0.13,"subpeak generation","solar","PV_subpeak","PV_subpeak"
"533",2015,"capital",667,0.13,"subpeak generation","solar","PV_subpeak","PV_subpeak"
"534",2020,"capital",478,0.13,"subpeak generation","solar","PV_subpeak","PV_subpeak"
"535",2025,"capital",367,0.13,"subpeak generation","solar","PV_subpeak","PV_subpeak"
"536",2030,"capital",301,0.13,"subpeak generation","solar","PV_subpeak","PV_subpeak"
"537",2035,"capital",263,0.13,"subpeak generation","solar","PV_subpeak","PV_subpeak"
"538",2040,"capital",240,0.13,"subpeak generation","solar","PV_subpeak","PV_subpeak"
"539",2045,"capital",226,0.13,"subpeak generation","solar","PV_subpeak","PV_subpeak"
"540",2050,"capital",218,0.13,"subpeak generation","solar","PV_subpeak","PV_subpeak"
"541",2055,"capital",213,0.13,"subpeak generation","solar","PV_subpeak","PV_subpeak"
"542",2060,"capital",211,0.13,"subpeak generation","solar","PV_subpeak","PV_subpeak"
"543",2065,"capital",209,0.13,"subpeak generation","solar","PV_subpeak","PV_subpeak"
"544",2070,"capital",208,0.13,"subpeak generation","solar","PV_subpeak","PV_subpeak"
"545",2075,"capital",207,0.13,"subpeak generation","solar","PV_subpeak","PV_subpeak"
"546",2080,"capital",207,0.13,"subpeak generation","solar","PV_subpeak","PV_subpeak"
"547",2085,"capital",207,0.13,"subpeak generation","solar","PV_subpeak","PV_subpeak"
"548",2090,"capital",207,0.13,"subpeak generation","solar","PV_subpeak","PV_subpeak"
"549",2095,"capital",207,0.13,"subpeak generation","solar","PV_subpeak","PV_subpeak"
"550",2100,"capital",207,0.13,"subpeak generation","solar","PV_subpeak","PV_subpeak"
"551",1975,"capital",451,0.13,"subpeak generation","wind","wind_subpeak","wind_subpeak"
"552",1990,"capital",451,0.13,"subpeak generation","wind","wind_subpeak","wind_subpeak"
"553",2005,"capital",451,0.13,"subpeak generation","wind","wind_subpeak","wind_subpeak"
"554",2010,"capital",451,0.13,"subpeak generation","wind","wind_subpeak","wind_subpeak"
"555",2015,"capital",451,0.13,"subpeak generation","wind","wind_subpeak","wind_subpeak"
"556",2020,"capital",406,0.13,"subpeak generation","wind","wind_subpeak","wind_subpeak"
"557",2025,"capital",371,0.13,"subpeak generation","wind","wind_subpeak","wind_subpeak"
"558",2030,"capital",345,0.13,"subpeak generation","wind","wind_subpeak","wind_subpeak"
"559",2035,"capital",324,0.13,"subpeak generation","wind","wind_subpeak","wind_subpeak"
"560",2040,"capital",308,0.13,"subpeak generation","wind","wind_subpeak","wind_subpeak"
"561",2045,"capital",295,0.13,"subpeak generation","wind","wind_subpeak","wind_subpeak"
"562",2050,"capital",286,0.13,"subpeak generation","wind","wind_subpeak","wind_subpeak"
"563",2055,"capital",278,0.13,"subpeak generation","wind","wind_subpeak","wind_subpeak"
"564",2060,"capital",272,0.13,"subpeak generation","wind","wind_subpeak","wind_subpeak"
"565",2065,"capital",268,0.13,"subpeak generation","wind","wind_subpeak","wind_subpeak"
"566",2070,"capital",264,0.13,"subpeak generation","wind","wind_subpeak","wind_subpeak"
"567",2075,"capital",262,0.13,"subpeak generation","wind","wind_subpeak","wind_subpeak"
"568",2080,"capital",260,0.13,"subpeak generation","wind","wind_subpeak","wind_subpeak"
"569",2085,"capital",258,0.13,"subpeak generation","wind","wind_subpeak","wind_subpeak"
"570",2090,"capital",257,0.13,"subpeak generation","wind","wind_subpeak","wind_subpeak"
"571",2095,"capital",256,0.13,"subpeak generation","wind","wind_subpeak","wind_subpeak"
"572",2100,"capital",255,0.13,"subpeak generation","wind","wind_subpeak","wind_subpeak"
