"","sector.name","subsector.name","technology","year","input.capital","capital.overnight","fixed.charge.rate"
"1","base load generation","coal","coal_base_conv pul 1951-1955",1975,"capital",1015,0.13
"2","base load generation","coal","coal_base_conv pul 1951-1955",1990,"capital",1015,0.13
"3","base load generation","coal","coal_base_conv pul 1951-1955",2005,"capital",1015,0.13
"4","base load generation","coal","coal_base_conv pul 1951-1955",2010,"capital",1015,0.13
"5","base load generation","coal","coal_base_conv pul 1951-1955",2015,"capital",1015,0.13
"6","base load generation","coal","coal_base_conv pul 1951-1955",2020,"capital",999,0.13
"7","base load generation","coal","coal_base_conv pul 1951-1955",2025,"capital",985,0.13
"8","base load generation","coal","coal_base_conv pul 1951-1955",2030,"capital",972,0.13
"9","base load generation","coal","coal_base_conv pul 1951-1955",2035,"capital",961,0.13
"10","base load generation","coal","coal_base_conv pul 1951-1955",2040,"capital",950,0.13
"11","base load generation","coal","coal_base_conv pul 1951-1955",2045,"capital",941,0.13
"12","base load generation","coal","coal_base_conv pul 1951-1955",2050,"capital",932,0.13
"13","base load generation","coal","coal_base_conv pul 1951-1955",2055,"capital",925,0.13
"14","base load generation","coal","coal_base_conv pul 1951-1955",2060,"capital",918,0.13
"15","base load generation","coal","coal_base_conv pul 1951-1955",2065,"capital",911,0.13
"16","base load generation","coal","coal_base_conv pul 1951-1955",2070,"capital",906,0.13
"17","base load generation","coal","coal_base_conv pul 1951-1955",2075,"capital",901,0.13
"18","base load generation","coal","coal_base_conv pul 1951-1955",2080,"capital",896,0.13
"19","base load generation","coal","coal_base_conv pul 1951-1955",2085,"capital",892,0.13
"20","base load generation","coal","coal_base_conv pul 1951-1955",2090,"capital",888,0.13
"21","base load generation","coal","coal_base_conv pul 1951-1955",2095,"capital",885,0.13
"22","base load generation","coal","coal_base_conv pul 1951-1955",2100,"capital",881,0.13
"23","base load generation","coal","coal_base_conv pul 1956-1960",1975,"capital",1015,0.13
"24","base load generation","coal","coal_base_conv pul 1956-1960",1990,"capital",1015,0.13
"25","base load generation","coal","coal_base_conv pul 1956-1960",2005,"capital",1015,0.13
"26","base load generation","coal","coal_base_conv pul 1956-1960",2010,"capital",1015,0.13
"27","base load generation","coal","coal_base_conv pul 1956-1960",2015,"capital",1015,0.13
"28","base load generation","coal","coal_base_conv pul 1956-1960",2020,"capital",999,0.13
"29","base load generation","coal","coal_base_conv pul 1956-1960",2025,"capital",985,0.13
"30","base load generation","coal","coal_base_conv pul 1956-1960",2030,"capital",972,0.13
"31","base load generation","coal","coal_base_conv pul 1956-1960",2035,"capital",961,0.13
"32","base load generation","coal","coal_base_conv pul 1956-1960",2040,"capital",950,0.13
"33","base load generation","coal","coal_base_conv pul 1956-1960",2045,"capital",941,0.13
"34","base load generation","coal","coal_base_conv pul 1956-1960",2050,"capital",932,0.13
"35","base load generation","coal","coal_base_conv pul 1956-1960",2055,"capital",925,0.13
"36","base load generation","coal","coal_base_conv pul 1956-1960",2060,"capital",918,0.13
"37","base load generation","coal","coal_base_conv pul 1956-1960",2065,"capital",911,0.13
"38","base load generation","coal","coal_base_conv pul 1956-1960",2070,"capital",906,0.13
"39","base load generation","coal","coal_base_conv pul 1956-1960",2075,"capital",901,0.13
"40","base load generation","coal","coal_base_conv pul 1956-1960",2080,"capital",896,0.13
"41","base load generation","coal","coal_base_conv pul 1956-1960",2085,"capital",892,0.13
"42","base load generation","coal","coal_base_conv pul 1956-1960",2090,"capital",888,0.13
"43","base load generation","coal","coal_base_conv pul 1956-1960",2095,"capital",885,0.13
"44","base load generation","coal","coal_base_conv pul 1956-1960",2100,"capital",881,0.13
"45","base load generation","coal","coal_base_conv pul 1961-1965",1975,"capital",1015,0.13
"46","base load generation","coal","coal_base_conv pul 1961-1965",1990,"capital",1015,0.13
"47","base load generation","coal","coal_base_conv pul 1961-1965",2005,"capital",1015,0.13
"48","base load generation","coal","coal_base_conv pul 1961-1965",2010,"capital",1015,0.13
"49","base load generation","coal","coal_base_conv pul 1961-1965",2015,"capital",1015,0.13
"50","base load generation","coal","coal_base_conv pul 1961-1965",2020,"capital",999,0.13
"51","base load generation","coal","coal_base_conv pul 1961-1965",2025,"capital",985,0.13
"52","base load generation","coal","coal_base_conv pul 1961-1965",2030,"capital",972,0.13
"53","base load generation","coal","coal_base_conv pul 1961-1965",2035,"capital",961,0.13
"54","base load generation","coal","coal_base_conv pul 1961-1965",2040,"capital",950,0.13
"55","base load generation","coal","coal_base_conv pul 1961-1965",2045,"capital",941,0.13
"56","base load generation","coal","coal_base_conv pul 1961-1965",2050,"capital",932,0.13
"57","base load generation","coal","coal_base_conv pul 1961-1965",2055,"capital",925,0.13
"58","base load generation","coal","coal_base_conv pul 1961-1965",2060,"capital",918,0.13
"59","base load generation","coal","coal_base_conv pul 1961-1965",2065,"capital",911,0.13
"60","base load generation","coal","coal_base_conv pul 1961-1965",2070,"capital",906,0.13
"61","base load generation","coal","coal_base_conv pul 1961-1965",2075,"capital",901,0.13
"62","base load generation","coal","coal_base_conv pul 1961-1965",2080,"capital",896,0.13
"63","base load generation","coal","coal_base_conv pul 1961-1965",2085,"capital",892,0.13
"64","base load generation","coal","coal_base_conv pul 1961-1965",2090,"capital",888,0.13
"65","base load generation","coal","coal_base_conv pul 1961-1965",2095,"capital",885,0.13
"66","base load generation","coal","coal_base_conv pul 1961-1965",2100,"capital",881,0.13
"67","base load generation","coal","coal_base_conv pul 1966-1970",1975,"capital",1015,0.13
"68","base load generation","coal","coal_base_conv pul 1966-1970",1990,"capital",1015,0.13
"69","base load generation","coal","coal_base_conv pul 1966-1970",2005,"capital",1015,0.13
"70","base load generation","coal","coal_base_conv pul 1966-1970",2010,"capital",1015,0.13
"71","base load generation","coal","coal_base_conv pul 1966-1970",2015,"capital",1015,0.13
"72","base load generation","coal","coal_base_conv pul 1966-1970",2020,"capital",999,0.13
"73","base load generation","coal","coal_base_conv pul 1966-1970",2025,"capital",985,0.13
"74","base load generation","coal","coal_base_conv pul 1966-1970",2030,"capital",972,0.13
"75","base load generation","coal","coal_base_conv pul 1966-1970",2035,"capital",961,0.13
"76","base load generation","coal","coal_base_conv pul 1966-1970",2040,"capital",950,0.13
"77","base load generation","coal","coal_base_conv pul 1966-1970",2045,"capital",941,0.13
"78","base load generation","coal","coal_base_conv pul 1966-1970",2050,"capital",932,0.13
"79","base load generation","coal","coal_base_conv pul 1966-1970",2055,"capital",925,0.13
"80","base load generation","coal","coal_base_conv pul 1966-1970",2060,"capital",918,0.13
"81","base load generation","coal","coal_base_conv pul 1966-1970",2065,"capital",911,0.13
"82","base load generation","coal","coal_base_conv pul 1966-1970",2070,"capital",906,0.13
"83","base load generation","coal","coal_base_conv pul 1966-1970",2075,"capital",901,0.13
"84","base load generation","coal","coal_base_conv pul 1966-1970",2080,"capital",896,0.13
"85","base load generation","coal","coal_base_conv pul 1966-1970",2085,"capital",892,0.13
"86","base load generation","coal","coal_base_conv pul 1966-1970",2090,"capital",888,0.13
"87","base load generation","coal","coal_base_conv pul 1966-1970",2095,"capital",885,0.13
"88","base load generation","coal","coal_base_conv pul 1966-1970",2100,"capital",881,0.13
"89","base load generation","coal","coal_base_conv pul 1971-1975",1975,"capital",1015,0.13
"90","base load generation","coal","coal_base_conv pul 1971-1975",1990,"capital",1015,0.13
"91","base load generation","coal","coal_base_conv pul 1971-1975",2005,"capital",1015,0.13
"92","base load generation","coal","coal_base_conv pul 1971-1975",2010,"capital",1015,0.13
"93","base load generation","coal","coal_base_conv pul 1971-1975",2015,"capital",1015,0.13
"94","base load generation","coal","coal_base_conv pul 1971-1975",2020,"capital",999,0.13
"95","base load generation","coal","coal_base_conv pul 1971-1975",2025,"capital",985,0.13
"96","base load generation","coal","coal_base_conv pul 1971-1975",2030,"capital",972,0.13
"97","base load generation","coal","coal_base_conv pul 1971-1975",2035,"capital",961,0.13
"98","base load generation","coal","coal_base_conv pul 1971-1975",2040,"capital",950,0.13
"99","base load generation","coal","coal_base_conv pul 1971-1975",2045,"capital",941,0.13
"100","base load generation","coal","coal_base_conv pul 1971-1975",2050,"capital",932,0.13
"101","base load generation","coal","coal_base_conv pul 1971-1975",2055,"capital",925,0.13
"102","base load generation","coal","coal_base_conv pul 1971-1975",2060,"capital",918,0.13
"103","base load generation","coal","coal_base_conv pul 1971-1975",2065,"capital",911,0.13
"104","base load generation","coal","coal_base_conv pul 1971-1975",2070,"capital",906,0.13
"105","base load generation","coal","coal_base_conv pul 1971-1975",2075,"capital",901,0.13
"106","base load generation","coal","coal_base_conv pul 1971-1975",2080,"capital",896,0.13
"107","base load generation","coal","coal_base_conv pul 1971-1975",2085,"capital",892,0.13
"108","base load generation","coal","coal_base_conv pul 1971-1975",2090,"capital",888,0.13
"109","base load generation","coal","coal_base_conv pul 1971-1975",2095,"capital",885,0.13
"110","base load generation","coal","coal_base_conv pul 1971-1975",2100,"capital",881,0.13
"111","base load generation","coal","coal_base_conv pul 1976-1980",1975,"capital",1015,0.13
"112","base load generation","coal","coal_base_conv pul 1976-1980",1990,"capital",1015,0.13
"113","base load generation","coal","coal_base_conv pul 1976-1980",2005,"capital",1015,0.13
"114","base load generation","coal","coal_base_conv pul 1976-1980",2010,"capital",1015,0.13
"115","base load generation","coal","coal_base_conv pul 1976-1980",2015,"capital",1015,0.13
"116","base load generation","coal","coal_base_conv pul 1976-1980",2020,"capital",999,0.13
"117","base load generation","coal","coal_base_conv pul 1976-1980",2025,"capital",985,0.13
"118","base load generation","coal","coal_base_conv pul 1976-1980",2030,"capital",972,0.13
"119","base load generation","coal","coal_base_conv pul 1976-1980",2035,"capital",961,0.13
"120","base load generation","coal","coal_base_conv pul 1976-1980",2040,"capital",950,0.13
"121","base load generation","coal","coal_base_conv pul 1976-1980",2045,"capital",941,0.13
"122","base load generation","coal","coal_base_conv pul 1976-1980",2050,"capital",932,0.13
"123","base load generation","coal","coal_base_conv pul 1976-1980",2055,"capital",925,0.13
"124","base load generation","coal","coal_base_conv pul 1976-1980",2060,"capital",918,0.13
"125","base load generation","coal","coal_base_conv pul 1976-1980",2065,"capital",911,0.13
"126","base load generation","coal","coal_base_conv pul 1976-1980",2070,"capital",906,0.13
"127","base load generation","coal","coal_base_conv pul 1976-1980",2075,"capital",901,0.13
"128","base load generation","coal","coal_base_conv pul 1976-1980",2080,"capital",896,0.13
"129","base load generation","coal","coal_base_conv pul 1976-1980",2085,"capital",892,0.13
"130","base load generation","coal","coal_base_conv pul 1976-1980",2090,"capital",888,0.13
"131","base load generation","coal","coal_base_conv pul 1976-1980",2095,"capital",885,0.13
"132","base load generation","coal","coal_base_conv pul 1976-1980",2100,"capital",881,0.13
"133","base load generation","coal","coal_base_conv pul 1981-1985",1975,"capital",1015,0.13
"134","base load generation","coal","coal_base_conv pul 1981-1985",1990,"capital",1015,0.13
"135","base load generation","coal","coal_base_conv pul 1981-1985",2005,"capital",1015,0.13
"136","base load generation","coal","coal_base_conv pul 1981-1985",2010,"capital",1015,0.13
"137","base load generation","coal","coal_base_conv pul 1981-1985",2015,"capital",1015,0.13
"138","base load generation","coal","coal_base_conv pul 1981-1985",2020,"capital",999,0.13
"139","base load generation","coal","coal_base_conv pul 1981-1985",2025,"capital",985,0.13
"140","base load generation","coal","coal_base_conv pul 1981-1985",2030,"capital",972,0.13
"141","base load generation","coal","coal_base_conv pul 1981-1985",2035,"capital",961,0.13
"142","base load generation","coal","coal_base_conv pul 1981-1985",2040,"capital",950,0.13
"143","base load generation","coal","coal_base_conv pul 1981-1985",2045,"capital",941,0.13
"144","base load generation","coal","coal_base_conv pul 1981-1985",2050,"capital",932,0.13
"145","base load generation","coal","coal_base_conv pul 1981-1985",2055,"capital",925,0.13
"146","base load generation","coal","coal_base_conv pul 1981-1985",2060,"capital",918,0.13
"147","base load generation","coal","coal_base_conv pul 1981-1985",2065,"capital",911,0.13
"148","base load generation","coal","coal_base_conv pul 1981-1985",2070,"capital",906,0.13
"149","base load generation","coal","coal_base_conv pul 1981-1985",2075,"capital",901,0.13
"150","base load generation","coal","coal_base_conv pul 1981-1985",2080,"capital",896,0.13
"151","base load generation","coal","coal_base_conv pul 1981-1985",2085,"capital",892,0.13
"152","base load generation","coal","coal_base_conv pul 1981-1985",2090,"capital",888,0.13
"153","base load generation","coal","coal_base_conv pul 1981-1985",2095,"capital",885,0.13
"154","base load generation","coal","coal_base_conv pul 1981-1985",2100,"capital",881,0.13
"155","base load generation","coal","coal_base_conv pul 1986-1990",1975,"capital",1015,0.13
"156","base load generation","coal","coal_base_conv pul 1986-1990",1990,"capital",1015,0.13
"157","base load generation","coal","coal_base_conv pul 1986-1990",2005,"capital",1015,0.13
"158","base load generation","coal","coal_base_conv pul 1986-1990",2010,"capital",1015,0.13
"159","base load generation","coal","coal_base_conv pul 1986-1990",2015,"capital",1015,0.13
"160","base load generation","coal","coal_base_conv pul 1986-1990",2020,"capital",999,0.13
"161","base load generation","coal","coal_base_conv pul 1986-1990",2025,"capital",985,0.13
"162","base load generation","coal","coal_base_conv pul 1986-1990",2030,"capital",972,0.13
"163","base load generation","coal","coal_base_conv pul 1986-1990",2035,"capital",961,0.13
"164","base load generation","coal","coal_base_conv pul 1986-1990",2040,"capital",950,0.13
"165","base load generation","coal","coal_base_conv pul 1986-1990",2045,"capital",941,0.13
"166","base load generation","coal","coal_base_conv pul 1986-1990",2050,"capital",932,0.13
"167","base load generation","coal","coal_base_conv pul 1986-1990",2055,"capital",925,0.13
"168","base load generation","coal","coal_base_conv pul 1986-1990",2060,"capital",918,0.13
"169","base load generation","coal","coal_base_conv pul 1986-1990",2065,"capital",911,0.13
"170","base load generation","coal","coal_base_conv pul 1986-1990",2070,"capital",906,0.13
"171","base load generation","coal","coal_base_conv pul 1986-1990",2075,"capital",901,0.13
"172","base load generation","coal","coal_base_conv pul 1986-1990",2080,"capital",896,0.13
"173","base load generation","coal","coal_base_conv pul 1986-1990",2085,"capital",892,0.13
"174","base load generation","coal","coal_base_conv pul 1986-1990",2090,"capital",888,0.13
"175","base load generation","coal","coal_base_conv pul 1986-1990",2095,"capital",885,0.13
"176","base load generation","coal","coal_base_conv pul 1986-1990",2100,"capital",881,0.13
"177","base load generation","coal","coal_base_conv pul 1991-1995",1975,"capital",1015,0.13
"178","base load generation","coal","coal_base_conv pul 1991-1995",1990,"capital",1015,0.13
"179","base load generation","coal","coal_base_conv pul 1991-1995",2005,"capital",1015,0.13
"180","base load generation","coal","coal_base_conv pul 1991-1995",2010,"capital",1015,0.13
"181","base load generation","coal","coal_base_conv pul 1991-1995",2015,"capital",1015,0.13
"182","base load generation","coal","coal_base_conv pul 1991-1995",2020,"capital",999,0.13
"183","base load generation","coal","coal_base_conv pul 1991-1995",2025,"capital",985,0.13
"184","base load generation","coal","coal_base_conv pul 1991-1995",2030,"capital",972,0.13
"185","base load generation","coal","coal_base_conv pul 1991-1995",2035,"capital",961,0.13
"186","base load generation","coal","coal_base_conv pul 1991-1995",2040,"capital",950,0.13
"187","base load generation","coal","coal_base_conv pul 1991-1995",2045,"capital",941,0.13
"188","base load generation","coal","coal_base_conv pul 1991-1995",2050,"capital",932,0.13
"189","base load generation","coal","coal_base_conv pul 1991-1995",2055,"capital",925,0.13
"190","base load generation","coal","coal_base_conv pul 1991-1995",2060,"capital",918,0.13
"191","base load generation","coal","coal_base_conv pul 1991-1995",2065,"capital",911,0.13
"192","base load generation","coal","coal_base_conv pul 1991-1995",2070,"capital",906,0.13
"193","base load generation","coal","coal_base_conv pul 1991-1995",2075,"capital",901,0.13
"194","base load generation","coal","coal_base_conv pul 1991-1995",2080,"capital",896,0.13
"195","base load generation","coal","coal_base_conv pul 1991-1995",2085,"capital",892,0.13
"196","base load generation","coal","coal_base_conv pul 1991-1995",2090,"capital",888,0.13
"197","base load generation","coal","coal_base_conv pul 1991-1995",2095,"capital",885,0.13
"198","base load generation","coal","coal_base_conv pul 1991-1995",2100,"capital",881,0.13
"199","base load generation","coal","coal_base_conv pul 1996-2000",1975,"capital",1015,0.13
"200","base load generation","coal","coal_base_conv pul 1996-2000",1990,"capital",1015,0.13
"201","base load generation","coal","coal_base_conv pul 1996-2000",2005,"capital",1015,0.13
"202","base load generation","coal","coal_base_conv pul 1996-2000",2010,"capital",1015,0.13
"203","base load generation","coal","coal_base_conv pul 1996-2000",2015,"capital",1015,0.13
"204","base load generation","coal","coal_base_conv pul 1996-2000",2020,"capital",999,0.13
"205","base load generation","coal","coal_base_conv pul 1996-2000",2025,"capital",985,0.13
"206","base load generation","coal","coal_base_conv pul 1996-2000",2030,"capital",972,0.13
"207","base load generation","coal","coal_base_conv pul 1996-2000",2035,"capital",961,0.13
"208","base load generation","coal","coal_base_conv pul 1996-2000",2040,"capital",950,0.13
"209","base load generation","coal","coal_base_conv pul 1996-2000",2045,"capital",941,0.13
"210","base load generation","coal","coal_base_conv pul 1996-2000",2050,"capital",932,0.13
"211","base load generation","coal","coal_base_conv pul 1996-2000",2055,"capital",925,0.13
"212","base load generation","coal","coal_base_conv pul 1996-2000",2060,"capital",918,0.13
"213","base load generation","coal","coal_base_conv pul 1996-2000",2065,"capital",911,0.13
"214","base load generation","coal","coal_base_conv pul 1996-2000",2070,"capital",906,0.13
"215","base load generation","coal","coal_base_conv pul 1996-2000",2075,"capital",901,0.13
"216","base load generation","coal","coal_base_conv pul 1996-2000",2080,"capital",896,0.13
"217","base load generation","coal","coal_base_conv pul 1996-2000",2085,"capital",892,0.13
"218","base load generation","coal","coal_base_conv pul 1996-2000",2090,"capital",888,0.13
"219","base load generation","coal","coal_base_conv pul 1996-2000",2095,"capital",885,0.13
"220","base load generation","coal","coal_base_conv pul 1996-2000",2100,"capital",881,0.13
"221","base load generation","coal","coal_base_conv pul 2001-2005",1975,"capital",1015,0.13
"222","base load generation","coal","coal_base_conv pul 2001-2005",1990,"capital",1015,0.13
"223","base load generation","coal","coal_base_conv pul 2001-2005",2005,"capital",1015,0.13
"224","base load generation","coal","coal_base_conv pul 2001-2005",2010,"capital",1015,0.13
"225","base load generation","coal","coal_base_conv pul 2001-2005",2015,"capital",1015,0.13
"226","base load generation","coal","coal_base_conv pul 2001-2005",2020,"capital",999,0.13
"227","base load generation","coal","coal_base_conv pul 2001-2005",2025,"capital",985,0.13
"228","base load generation","coal","coal_base_conv pul 2001-2005",2030,"capital",972,0.13
"229","base load generation","coal","coal_base_conv pul 2001-2005",2035,"capital",961,0.13
"230","base load generation","coal","coal_base_conv pul 2001-2005",2040,"capital",950,0.13
"231","base load generation","coal","coal_base_conv pul 2001-2005",2045,"capital",941,0.13
"232","base load generation","coal","coal_base_conv pul 2001-2005",2050,"capital",932,0.13
"233","base load generation","coal","coal_base_conv pul 2001-2005",2055,"capital",925,0.13
"234","base load generation","coal","coal_base_conv pul 2001-2005",2060,"capital",918,0.13
"235","base load generation","coal","coal_base_conv pul 2001-2005",2065,"capital",911,0.13
"236","base load generation","coal","coal_base_conv pul 2001-2005",2070,"capital",906,0.13
"237","base load generation","coal","coal_base_conv pul 2001-2005",2075,"capital",901,0.13
"238","base load generation","coal","coal_base_conv pul 2001-2005",2080,"capital",896,0.13
"239","base load generation","coal","coal_base_conv pul 2001-2005",2085,"capital",892,0.13
"240","base load generation","coal","coal_base_conv pul 2001-2005",2090,"capital",888,0.13
"241","base load generation","coal","coal_base_conv pul 2001-2005",2095,"capital",885,0.13
"242","base load generation","coal","coal_base_conv pul 2001-2005",2100,"capital",881,0.13
"243","base load generation","coal","coal_base_conv pul 2006-2010",1975,"capital",1015,0.13
"244","base load generation","coal","coal_base_conv pul 2006-2010",1990,"capital",1015,0.13
"245","base load generation","coal","coal_base_conv pul 2006-2010",2005,"capital",1015,0.13
"246","base load generation","coal","coal_base_conv pul 2006-2010",2010,"capital",1015,0.13
"247","base load generation","coal","coal_base_conv pul 2006-2010",2015,"capital",1015,0.13
"248","base load generation","coal","coal_base_conv pul 2006-2010",2020,"capital",999,0.13
"249","base load generation","coal","coal_base_conv pul 2006-2010",2025,"capital",985,0.13
"250","base load generation","coal","coal_base_conv pul 2006-2010",2030,"capital",972,0.13
"251","base load generation","coal","coal_base_conv pul 2006-2010",2035,"capital",961,0.13
"252","base load generation","coal","coal_base_conv pul 2006-2010",2040,"capital",950,0.13
"253","base load generation","coal","coal_base_conv pul 2006-2010",2045,"capital",941,0.13
"254","base load generation","coal","coal_base_conv pul 2006-2010",2050,"capital",932,0.13
"255","base load generation","coal","coal_base_conv pul 2006-2010",2055,"capital",925,0.13
"256","base load generation","coal","coal_base_conv pul 2006-2010",2060,"capital",918,0.13
"257","base load generation","coal","coal_base_conv pul 2006-2010",2065,"capital",911,0.13
"258","base load generation","coal","coal_base_conv pul 2006-2010",2070,"capital",906,0.13
"259","base load generation","coal","coal_base_conv pul 2006-2010",2075,"capital",901,0.13
"260","base load generation","coal","coal_base_conv pul 2006-2010",2080,"capital",896,0.13
"261","base load generation","coal","coal_base_conv pul 2006-2010",2085,"capital",892,0.13
"262","base load generation","coal","coal_base_conv pul 2006-2010",2090,"capital",888,0.13
"263","base load generation","coal","coal_base_conv pul 2006-2010",2095,"capital",885,0.13
"264","base load generation","coal","coal_base_conv pul 2006-2010",2100,"capital",881,0.13
"265","base load generation","coal","coal_base_conv pul 2011-2015",1975,"capital",1015,0.13
"266","base load generation","coal","coal_base_conv pul 2011-2015",1990,"capital",1015,0.13
"267","base load generation","coal","coal_base_conv pul 2011-2015",2005,"capital",1015,0.13
"268","base load generation","coal","coal_base_conv pul 2011-2015",2010,"capital",1015,0.13
"269","base load generation","coal","coal_base_conv pul 2011-2015",2015,"capital",1015,0.13
"270","base load generation","coal","coal_base_conv pul 2011-2015",2020,"capital",999,0.13
"271","base load generation","coal","coal_base_conv pul 2011-2015",2025,"capital",985,0.13
"272","base load generation","coal","coal_base_conv pul 2011-2015",2030,"capital",972,0.13
"273","base load generation","coal","coal_base_conv pul 2011-2015",2035,"capital",961,0.13
"274","base load generation","coal","coal_base_conv pul 2011-2015",2040,"capital",950,0.13
"275","base load generation","coal","coal_base_conv pul 2011-2015",2045,"capital",941,0.13
"276","base load generation","coal","coal_base_conv pul 2011-2015",2050,"capital",932,0.13
"277","base load generation","coal","coal_base_conv pul 2011-2015",2055,"capital",925,0.13
"278","base load generation","coal","coal_base_conv pul 2011-2015",2060,"capital",918,0.13
"279","base load generation","coal","coal_base_conv pul 2011-2015",2065,"capital",911,0.13
"280","base load generation","coal","coal_base_conv pul 2011-2015",2070,"capital",906,0.13
"281","base load generation","coal","coal_base_conv pul 2011-2015",2075,"capital",901,0.13
"282","base load generation","coal","coal_base_conv pul 2011-2015",2080,"capital",896,0.13
"283","base load generation","coal","coal_base_conv pul 2011-2015",2085,"capital",892,0.13
"284","base load generation","coal","coal_base_conv pul 2011-2015",2090,"capital",888,0.13
"285","base load generation","coal","coal_base_conv pul 2011-2015",2095,"capital",885,0.13
"286","base load generation","coal","coal_base_conv pul 2011-2015",2100,"capital",881,0.13
"287","base load generation","coal","coal_base_conv pul before 1950",1975,"capital",1015,0.13
"288","base load generation","coal","coal_base_conv pul before 1950",1990,"capital",1015,0.13
"289","base load generation","coal","coal_base_conv pul before 1950",2005,"capital",1015,0.13
"290","base load generation","coal","coal_base_conv pul before 1950",2010,"capital",1015,0.13
"291","base load generation","coal","coal_base_conv pul before 1950",2015,"capital",1015,0.13
"292","base load generation","coal","coal_base_conv pul before 1950",2020,"capital",999,0.13
"293","base load generation","coal","coal_base_conv pul before 1950",2025,"capital",985,0.13
"294","base load generation","coal","coal_base_conv pul before 1950",2030,"capital",972,0.13
"295","base load generation","coal","coal_base_conv pul before 1950",2035,"capital",961,0.13
"296","base load generation","coal","coal_base_conv pul before 1950",2040,"capital",950,0.13
"297","base load generation","coal","coal_base_conv pul before 1950",2045,"capital",941,0.13
"298","base load generation","coal","coal_base_conv pul before 1950",2050,"capital",932,0.13
"299","base load generation","coal","coal_base_conv pul before 1950",2055,"capital",925,0.13
"300","base load generation","coal","coal_base_conv pul before 1950",2060,"capital",918,0.13
"301","base load generation","coal","coal_base_conv pul before 1950",2065,"capital",911,0.13
"302","base load generation","coal","coal_base_conv pul before 1950",2070,"capital",906,0.13
"303","base load generation","coal","coal_base_conv pul before 1950",2075,"capital",901,0.13
"304","base load generation","coal","coal_base_conv pul before 1950",2080,"capital",896,0.13
"305","base load generation","coal","coal_base_conv pul before 1950",2085,"capital",892,0.13
"306","base load generation","coal","coal_base_conv pul before 1950",2090,"capital",888,0.13
"307","base load generation","coal","coal_base_conv pul before 1950",2095,"capital",885,0.13
"308","base load generation","coal","coal_base_conv pul before 1950",2100,"capital",881,0.13
"309","intermediate generation","coal","coal_int_conv pul 1951-1955",1975,"capital",1015,0.13
"310","intermediate generation","coal","coal_int_conv pul 1951-1955",1990,"capital",1015,0.13
"311","intermediate generation","coal","coal_int_conv pul 1951-1955",2005,"capital",1015,0.13
"312","intermediate generation","coal","coal_int_conv pul 1951-1955",2010,"capital",1015,0.13
"313","intermediate generation","coal","coal_int_conv pul 1951-1955",2015,"capital",1015,0.13
"314","intermediate generation","coal","coal_int_conv pul 1951-1955",2020,"capital",999,0.13
"315","intermediate generation","coal","coal_int_conv pul 1951-1955",2025,"capital",985,0.13
"316","intermediate generation","coal","coal_int_conv pul 1951-1955",2030,"capital",972,0.13
"317","intermediate generation","coal","coal_int_conv pul 1951-1955",2035,"capital",961,0.13
"318","intermediate generation","coal","coal_int_conv pul 1951-1955",2040,"capital",950,0.13
"319","intermediate generation","coal","coal_int_conv pul 1951-1955",2045,"capital",941,0.13
"320","intermediate generation","coal","coal_int_conv pul 1951-1955",2050,"capital",932,0.13
"321","intermediate generation","coal","coal_int_conv pul 1951-1955",2055,"capital",925,0.13
"322","intermediate generation","coal","coal_int_conv pul 1951-1955",2060,"capital",918,0.13
"323","intermediate generation","coal","coal_int_conv pul 1951-1955",2065,"capital",911,0.13
"324","intermediate generation","coal","coal_int_conv pul 1951-1955",2070,"capital",906,0.13
"325","intermediate generation","coal","coal_int_conv pul 1951-1955",2075,"capital",901,0.13
"326","intermediate generation","coal","coal_int_conv pul 1951-1955",2080,"capital",896,0.13
"327","intermediate generation","coal","coal_int_conv pul 1951-1955",2085,"capital",892,0.13
"328","intermediate generation","coal","coal_int_conv pul 1951-1955",2090,"capital",888,0.13
"329","intermediate generation","coal","coal_int_conv pul 1951-1955",2095,"capital",885,0.13
"330","intermediate generation","coal","coal_int_conv pul 1951-1955",2100,"capital",881,0.13
"331","intermediate generation","coal","coal_int_conv pul 1956-1960",1975,"capital",1015,0.13
"332","intermediate generation","coal","coal_int_conv pul 1956-1960",1990,"capital",1015,0.13
"333","intermediate generation","coal","coal_int_conv pul 1956-1960",2005,"capital",1015,0.13
"334","intermediate generation","coal","coal_int_conv pul 1956-1960",2010,"capital",1015,0.13
"335","intermediate generation","coal","coal_int_conv pul 1956-1960",2015,"capital",1015,0.13
"336","intermediate generation","coal","coal_int_conv pul 1956-1960",2020,"capital",999,0.13
"337","intermediate generation","coal","coal_int_conv pul 1956-1960",2025,"capital",985,0.13
"338","intermediate generation","coal","coal_int_conv pul 1956-1960",2030,"capital",972,0.13
"339","intermediate generation","coal","coal_int_conv pul 1956-1960",2035,"capital",961,0.13
"340","intermediate generation","coal","coal_int_conv pul 1956-1960",2040,"capital",950,0.13
"341","intermediate generation","coal","coal_int_conv pul 1956-1960",2045,"capital",941,0.13
"342","intermediate generation","coal","coal_int_conv pul 1956-1960",2050,"capital",932,0.13
"343","intermediate generation","coal","coal_int_conv pul 1956-1960",2055,"capital",925,0.13
"344","intermediate generation","coal","coal_int_conv pul 1956-1960",2060,"capital",918,0.13
"345","intermediate generation","coal","coal_int_conv pul 1956-1960",2065,"capital",911,0.13
"346","intermediate generation","coal","coal_int_conv pul 1956-1960",2070,"capital",906,0.13
"347","intermediate generation","coal","coal_int_conv pul 1956-1960",2075,"capital",901,0.13
"348","intermediate generation","coal","coal_int_conv pul 1956-1960",2080,"capital",896,0.13
"349","intermediate generation","coal","coal_int_conv pul 1956-1960",2085,"capital",892,0.13
"350","intermediate generation","coal","coal_int_conv pul 1956-1960",2090,"capital",888,0.13
"351","intermediate generation","coal","coal_int_conv pul 1956-1960",2095,"capital",885,0.13
"352","intermediate generation","coal","coal_int_conv pul 1956-1960",2100,"capital",881,0.13
"353","intermediate generation","coal","coal_int_conv pul 1961-1965",1975,"capital",1015,0.13
"354","intermediate generation","coal","coal_int_conv pul 1961-1965",1990,"capital",1015,0.13
"355","intermediate generation","coal","coal_int_conv pul 1961-1965",2005,"capital",1015,0.13
"356","intermediate generation","coal","coal_int_conv pul 1961-1965",2010,"capital",1015,0.13
"357","intermediate generation","coal","coal_int_conv pul 1961-1965",2015,"capital",1015,0.13
"358","intermediate generation","coal","coal_int_conv pul 1961-1965",2020,"capital",999,0.13
"359","intermediate generation","coal","coal_int_conv pul 1961-1965",2025,"capital",985,0.13
"360","intermediate generation","coal","coal_int_conv pul 1961-1965",2030,"capital",972,0.13
"361","intermediate generation","coal","coal_int_conv pul 1961-1965",2035,"capital",961,0.13
"362","intermediate generation","coal","coal_int_conv pul 1961-1965",2040,"capital",950,0.13
"363","intermediate generation","coal","coal_int_conv pul 1961-1965",2045,"capital",941,0.13
"364","intermediate generation","coal","coal_int_conv pul 1961-1965",2050,"capital",932,0.13
"365","intermediate generation","coal","coal_int_conv pul 1961-1965",2055,"capital",925,0.13
"366","intermediate generation","coal","coal_int_conv pul 1961-1965",2060,"capital",918,0.13
"367","intermediate generation","coal","coal_int_conv pul 1961-1965",2065,"capital",911,0.13
"368","intermediate generation","coal","coal_int_conv pul 1961-1965",2070,"capital",906,0.13
"369","intermediate generation","coal","coal_int_conv pul 1961-1965",2075,"capital",901,0.13
"370","intermediate generation","coal","coal_int_conv pul 1961-1965",2080,"capital",896,0.13
"371","intermediate generation","coal","coal_int_conv pul 1961-1965",2085,"capital",892,0.13
"372","intermediate generation","coal","coal_int_conv pul 1961-1965",2090,"capital",888,0.13
"373","intermediate generation","coal","coal_int_conv pul 1961-1965",2095,"capital",885,0.13
"374","intermediate generation","coal","coal_int_conv pul 1961-1965",2100,"capital",881,0.13
"375","intermediate generation","coal","coal_int_conv pul 1966-1970",1975,"capital",1015,0.13
"376","intermediate generation","coal","coal_int_conv pul 1966-1970",1990,"capital",1015,0.13
"377","intermediate generation","coal","coal_int_conv pul 1966-1970",2005,"capital",1015,0.13
"378","intermediate generation","coal","coal_int_conv pul 1966-1970",2010,"capital",1015,0.13
"379","intermediate generation","coal","coal_int_conv pul 1966-1970",2015,"capital",1015,0.13
"380","intermediate generation","coal","coal_int_conv pul 1966-1970",2020,"capital",999,0.13
"381","intermediate generation","coal","coal_int_conv pul 1966-1970",2025,"capital",985,0.13
"382","intermediate generation","coal","coal_int_conv pul 1966-1970",2030,"capital",972,0.13
"383","intermediate generation","coal","coal_int_conv pul 1966-1970",2035,"capital",961,0.13
"384","intermediate generation","coal","coal_int_conv pul 1966-1970",2040,"capital",950,0.13
"385","intermediate generation","coal","coal_int_conv pul 1966-1970",2045,"capital",941,0.13
"386","intermediate generation","coal","coal_int_conv pul 1966-1970",2050,"capital",932,0.13
"387","intermediate generation","coal","coal_int_conv pul 1966-1970",2055,"capital",925,0.13
"388","intermediate generation","coal","coal_int_conv pul 1966-1970",2060,"capital",918,0.13
"389","intermediate generation","coal","coal_int_conv pul 1966-1970",2065,"capital",911,0.13
"390","intermediate generation","coal","coal_int_conv pul 1966-1970",2070,"capital",906,0.13
"391","intermediate generation","coal","coal_int_conv pul 1966-1970",2075,"capital",901,0.13
"392","intermediate generation","coal","coal_int_conv pul 1966-1970",2080,"capital",896,0.13
"393","intermediate generation","coal","coal_int_conv pul 1966-1970",2085,"capital",892,0.13
"394","intermediate generation","coal","coal_int_conv pul 1966-1970",2090,"capital",888,0.13
"395","intermediate generation","coal","coal_int_conv pul 1966-1970",2095,"capital",885,0.13
"396","intermediate generation","coal","coal_int_conv pul 1966-1970",2100,"capital",881,0.13
"397","intermediate generation","coal","coal_int_conv pul 1971-1975",1975,"capital",1015,0.13
"398","intermediate generation","coal","coal_int_conv pul 1971-1975",1990,"capital",1015,0.13
"399","intermediate generation","coal","coal_int_conv pul 1971-1975",2005,"capital",1015,0.13
"400","intermediate generation","coal","coal_int_conv pul 1971-1975",2010,"capital",1015,0.13
"401","intermediate generation","coal","coal_int_conv pul 1971-1975",2015,"capital",1015,0.13
"402","intermediate generation","coal","coal_int_conv pul 1971-1975",2020,"capital",999,0.13
"403","intermediate generation","coal","coal_int_conv pul 1971-1975",2025,"capital",985,0.13
"404","intermediate generation","coal","coal_int_conv pul 1971-1975",2030,"capital",972,0.13
"405","intermediate generation","coal","coal_int_conv pul 1971-1975",2035,"capital",961,0.13
"406","intermediate generation","coal","coal_int_conv pul 1971-1975",2040,"capital",950,0.13
"407","intermediate generation","coal","coal_int_conv pul 1971-1975",2045,"capital",941,0.13
"408","intermediate generation","coal","coal_int_conv pul 1971-1975",2050,"capital",932,0.13
"409","intermediate generation","coal","coal_int_conv pul 1971-1975",2055,"capital",925,0.13
"410","intermediate generation","coal","coal_int_conv pul 1971-1975",2060,"capital",918,0.13
"411","intermediate generation","coal","coal_int_conv pul 1971-1975",2065,"capital",911,0.13
"412","intermediate generation","coal","coal_int_conv pul 1971-1975",2070,"capital",906,0.13
"413","intermediate generation","coal","coal_int_conv pul 1971-1975",2075,"capital",901,0.13
"414","intermediate generation","coal","coal_int_conv pul 1971-1975",2080,"capital",896,0.13
"415","intermediate generation","coal","coal_int_conv pul 1971-1975",2085,"capital",892,0.13
"416","intermediate generation","coal","coal_int_conv pul 1971-1975",2090,"capital",888,0.13
"417","intermediate generation","coal","coal_int_conv pul 1971-1975",2095,"capital",885,0.13
"418","intermediate generation","coal","coal_int_conv pul 1971-1975",2100,"capital",881,0.13
"419","intermediate generation","coal","coal_int_conv pul 1976-1980",1975,"capital",1015,0.13
"420","intermediate generation","coal","coal_int_conv pul 1976-1980",1990,"capital",1015,0.13
"421","intermediate generation","coal","coal_int_conv pul 1976-1980",2005,"capital",1015,0.13
"422","intermediate generation","coal","coal_int_conv pul 1976-1980",2010,"capital",1015,0.13
"423","intermediate generation","coal","coal_int_conv pul 1976-1980",2015,"capital",1015,0.13
"424","intermediate generation","coal","coal_int_conv pul 1976-1980",2020,"capital",999,0.13
"425","intermediate generation","coal","coal_int_conv pul 1976-1980",2025,"capital",985,0.13
"426","intermediate generation","coal","coal_int_conv pul 1976-1980",2030,"capital",972,0.13
"427","intermediate generation","coal","coal_int_conv pul 1976-1980",2035,"capital",961,0.13
"428","intermediate generation","coal","coal_int_conv pul 1976-1980",2040,"capital",950,0.13
"429","intermediate generation","coal","coal_int_conv pul 1976-1980",2045,"capital",941,0.13
"430","intermediate generation","coal","coal_int_conv pul 1976-1980",2050,"capital",932,0.13
"431","intermediate generation","coal","coal_int_conv pul 1976-1980",2055,"capital",925,0.13
"432","intermediate generation","coal","coal_int_conv pul 1976-1980",2060,"capital",918,0.13
"433","intermediate generation","coal","coal_int_conv pul 1976-1980",2065,"capital",911,0.13
"434","intermediate generation","coal","coal_int_conv pul 1976-1980",2070,"capital",906,0.13
"435","intermediate generation","coal","coal_int_conv pul 1976-1980",2075,"capital",901,0.13
"436","intermediate generation","coal","coal_int_conv pul 1976-1980",2080,"capital",896,0.13
"437","intermediate generation","coal","coal_int_conv pul 1976-1980",2085,"capital",892,0.13
"438","intermediate generation","coal","coal_int_conv pul 1976-1980",2090,"capital",888,0.13
"439","intermediate generation","coal","coal_int_conv pul 1976-1980",2095,"capital",885,0.13
"440","intermediate generation","coal","coal_int_conv pul 1976-1980",2100,"capital",881,0.13
"441","intermediate generation","coal","coal_int_conv pul 1981-1985",1975,"capital",1015,0.13
"442","intermediate generation","coal","coal_int_conv pul 1981-1985",1990,"capital",1015,0.13
"443","intermediate generation","coal","coal_int_conv pul 1981-1985",2005,"capital",1015,0.13
"444","intermediate generation","coal","coal_int_conv pul 1981-1985",2010,"capital",1015,0.13
"445","intermediate generation","coal","coal_int_conv pul 1981-1985",2015,"capital",1015,0.13
"446","intermediate generation","coal","coal_int_conv pul 1981-1985",2020,"capital",999,0.13
"447","intermediate generation","coal","coal_int_conv pul 1981-1985",2025,"capital",985,0.13
"448","intermediate generation","coal","coal_int_conv pul 1981-1985",2030,"capital",972,0.13
"449","intermediate generation","coal","coal_int_conv pul 1981-1985",2035,"capital",961,0.13
"450","intermediate generation","coal","coal_int_conv pul 1981-1985",2040,"capital",950,0.13
"451","intermediate generation","coal","coal_int_conv pul 1981-1985",2045,"capital",941,0.13
"452","intermediate generation","coal","coal_int_conv pul 1981-1985",2050,"capital",932,0.13
"453","intermediate generation","coal","coal_int_conv pul 1981-1985",2055,"capital",925,0.13
"454","intermediate generation","coal","coal_int_conv pul 1981-1985",2060,"capital",918,0.13
"455","intermediate generation","coal","coal_int_conv pul 1981-1985",2065,"capital",911,0.13
"456","intermediate generation","coal","coal_int_conv pul 1981-1985",2070,"capital",906,0.13
"457","intermediate generation","coal","coal_int_conv pul 1981-1985",2075,"capital",901,0.13
"458","intermediate generation","coal","coal_int_conv pul 1981-1985",2080,"capital",896,0.13
"459","intermediate generation","coal","coal_int_conv pul 1981-1985",2085,"capital",892,0.13
"460","intermediate generation","coal","coal_int_conv pul 1981-1985",2090,"capital",888,0.13
"461","intermediate generation","coal","coal_int_conv pul 1981-1985",2095,"capital",885,0.13
"462","intermediate generation","coal","coal_int_conv pul 1981-1985",2100,"capital",881,0.13
"463","intermediate generation","coal","coal_int_conv pul 1986-1990",1975,"capital",1015,0.13
"464","intermediate generation","coal","coal_int_conv pul 1986-1990",1990,"capital",1015,0.13
"465","intermediate generation","coal","coal_int_conv pul 1986-1990",2005,"capital",1015,0.13
"466","intermediate generation","coal","coal_int_conv pul 1986-1990",2010,"capital",1015,0.13
"467","intermediate generation","coal","coal_int_conv pul 1986-1990",2015,"capital",1015,0.13
"468","intermediate generation","coal","coal_int_conv pul 1986-1990",2020,"capital",999,0.13
"469","intermediate generation","coal","coal_int_conv pul 1986-1990",2025,"capital",985,0.13
"470","intermediate generation","coal","coal_int_conv pul 1986-1990",2030,"capital",972,0.13
"471","intermediate generation","coal","coal_int_conv pul 1986-1990",2035,"capital",961,0.13
"472","intermediate generation","coal","coal_int_conv pul 1986-1990",2040,"capital",950,0.13
"473","intermediate generation","coal","coal_int_conv pul 1986-1990",2045,"capital",941,0.13
"474","intermediate generation","coal","coal_int_conv pul 1986-1990",2050,"capital",932,0.13
"475","intermediate generation","coal","coal_int_conv pul 1986-1990",2055,"capital",925,0.13
"476","intermediate generation","coal","coal_int_conv pul 1986-1990",2060,"capital",918,0.13
"477","intermediate generation","coal","coal_int_conv pul 1986-1990",2065,"capital",911,0.13
"478","intermediate generation","coal","coal_int_conv pul 1986-1990",2070,"capital",906,0.13
"479","intermediate generation","coal","coal_int_conv pul 1986-1990",2075,"capital",901,0.13
"480","intermediate generation","coal","coal_int_conv pul 1986-1990",2080,"capital",896,0.13
"481","intermediate generation","coal","coal_int_conv pul 1986-1990",2085,"capital",892,0.13
"482","intermediate generation","coal","coal_int_conv pul 1986-1990",2090,"capital",888,0.13
"483","intermediate generation","coal","coal_int_conv pul 1986-1990",2095,"capital",885,0.13
"484","intermediate generation","coal","coal_int_conv pul 1986-1990",2100,"capital",881,0.13
"485","intermediate generation","coal","coal_int_conv pul 1991-1995",1975,"capital",1015,0.13
"486","intermediate generation","coal","coal_int_conv pul 1991-1995",1990,"capital",1015,0.13
"487","intermediate generation","coal","coal_int_conv pul 1991-1995",2005,"capital",1015,0.13
"488","intermediate generation","coal","coal_int_conv pul 1991-1995",2010,"capital",1015,0.13
"489","intermediate generation","coal","coal_int_conv pul 1991-1995",2015,"capital",1015,0.13
"490","intermediate generation","coal","coal_int_conv pul 1991-1995",2020,"capital",999,0.13
"491","intermediate generation","coal","coal_int_conv pul 1991-1995",2025,"capital",985,0.13
"492","intermediate generation","coal","coal_int_conv pul 1991-1995",2030,"capital",972,0.13
"493","intermediate generation","coal","coal_int_conv pul 1991-1995",2035,"capital",961,0.13
"494","intermediate generation","coal","coal_int_conv pul 1991-1995",2040,"capital",950,0.13
"495","intermediate generation","coal","coal_int_conv pul 1991-1995",2045,"capital",941,0.13
"496","intermediate generation","coal","coal_int_conv pul 1991-1995",2050,"capital",932,0.13
"497","intermediate generation","coal","coal_int_conv pul 1991-1995",2055,"capital",925,0.13
"498","intermediate generation","coal","coal_int_conv pul 1991-1995",2060,"capital",918,0.13
"499","intermediate generation","coal","coal_int_conv pul 1991-1995",2065,"capital",911,0.13
"500","intermediate generation","coal","coal_int_conv pul 1991-1995",2070,"capital",906,0.13
"501","intermediate generation","coal","coal_int_conv pul 1991-1995",2075,"capital",901,0.13
"502","intermediate generation","coal","coal_int_conv pul 1991-1995",2080,"capital",896,0.13
"503","intermediate generation","coal","coal_int_conv pul 1991-1995",2085,"capital",892,0.13
"504","intermediate generation","coal","coal_int_conv pul 1991-1995",2090,"capital",888,0.13
"505","intermediate generation","coal","coal_int_conv pul 1991-1995",2095,"capital",885,0.13
"506","intermediate generation","coal","coal_int_conv pul 1991-1995",2100,"capital",881,0.13
"507","intermediate generation","coal","coal_int_conv pul 1996-2000",1975,"capital",1015,0.13
"508","intermediate generation","coal","coal_int_conv pul 1996-2000",1990,"capital",1015,0.13
"509","intermediate generation","coal","coal_int_conv pul 1996-2000",2005,"capital",1015,0.13
"510","intermediate generation","coal","coal_int_conv pul 1996-2000",2010,"capital",1015,0.13
"511","intermediate generation","coal","coal_int_conv pul 1996-2000",2015,"capital",1015,0.13
"512","intermediate generation","coal","coal_int_conv pul 1996-2000",2020,"capital",999,0.13
"513","intermediate generation","coal","coal_int_conv pul 1996-2000",2025,"capital",985,0.13
"514","intermediate generation","coal","coal_int_conv pul 1996-2000",2030,"capital",972,0.13
"515","intermediate generation","coal","coal_int_conv pul 1996-2000",2035,"capital",961,0.13
"516","intermediate generation","coal","coal_int_conv pul 1996-2000",2040,"capital",950,0.13
"517","intermediate generation","coal","coal_int_conv pul 1996-2000",2045,"capital",941,0.13
"518","intermediate generation","coal","coal_int_conv pul 1996-2000",2050,"capital",932,0.13
"519","intermediate generation","coal","coal_int_conv pul 1996-2000",2055,"capital",925,0.13
"520","intermediate generation","coal","coal_int_conv pul 1996-2000",2060,"capital",918,0.13
"521","intermediate generation","coal","coal_int_conv pul 1996-2000",2065,"capital",911,0.13
"522","intermediate generation","coal","coal_int_conv pul 1996-2000",2070,"capital",906,0.13
"523","intermediate generation","coal","coal_int_conv pul 1996-2000",2075,"capital",901,0.13
"524","intermediate generation","coal","coal_int_conv pul 1996-2000",2080,"capital",896,0.13
"525","intermediate generation","coal","coal_int_conv pul 1996-2000",2085,"capital",892,0.13
"526","intermediate generation","coal","coal_int_conv pul 1996-2000",2090,"capital",888,0.13
"527","intermediate generation","coal","coal_int_conv pul 1996-2000",2095,"capital",885,0.13
"528","intermediate generation","coal","coal_int_conv pul 1996-2000",2100,"capital",881,0.13
"529","intermediate generation","coal","coal_int_conv pul 2001-2005",1975,"capital",1015,0.13
"530","intermediate generation","coal","coal_int_conv pul 2001-2005",1990,"capital",1015,0.13
"531","intermediate generation","coal","coal_int_conv pul 2001-2005",2005,"capital",1015,0.13
"532","intermediate generation","coal","coal_int_conv pul 2001-2005",2010,"capital",1015,0.13
"533","intermediate generation","coal","coal_int_conv pul 2001-2005",2015,"capital",1015,0.13
"534","intermediate generation","coal","coal_int_conv pul 2001-2005",2020,"capital",999,0.13
"535","intermediate generation","coal","coal_int_conv pul 2001-2005",2025,"capital",985,0.13
"536","intermediate generation","coal","coal_int_conv pul 2001-2005",2030,"capital",972,0.13
"537","intermediate generation","coal","coal_int_conv pul 2001-2005",2035,"capital",961,0.13
"538","intermediate generation","coal","coal_int_conv pul 2001-2005",2040,"capital",950,0.13
"539","intermediate generation","coal","coal_int_conv pul 2001-2005",2045,"capital",941,0.13
"540","intermediate generation","coal","coal_int_conv pul 2001-2005",2050,"capital",932,0.13
"541","intermediate generation","coal","coal_int_conv pul 2001-2005",2055,"capital",925,0.13
"542","intermediate generation","coal","coal_int_conv pul 2001-2005",2060,"capital",918,0.13
"543","intermediate generation","coal","coal_int_conv pul 2001-2005",2065,"capital",911,0.13
"544","intermediate generation","coal","coal_int_conv pul 2001-2005",2070,"capital",906,0.13
"545","intermediate generation","coal","coal_int_conv pul 2001-2005",2075,"capital",901,0.13
"546","intermediate generation","coal","coal_int_conv pul 2001-2005",2080,"capital",896,0.13
"547","intermediate generation","coal","coal_int_conv pul 2001-2005",2085,"capital",892,0.13
"548","intermediate generation","coal","coal_int_conv pul 2001-2005",2090,"capital",888,0.13
"549","intermediate generation","coal","coal_int_conv pul 2001-2005",2095,"capital",885,0.13
"550","intermediate generation","coal","coal_int_conv pul 2001-2005",2100,"capital",881,0.13
"551","intermediate generation","coal","coal_int_conv pul 2006-2010",1975,"capital",1015,0.13
"552","intermediate generation","coal","coal_int_conv pul 2006-2010",1990,"capital",1015,0.13
"553","intermediate generation","coal","coal_int_conv pul 2006-2010",2005,"capital",1015,0.13
"554","intermediate generation","coal","coal_int_conv pul 2006-2010",2010,"capital",1015,0.13
"555","intermediate generation","coal","coal_int_conv pul 2006-2010",2015,"capital",1015,0.13
"556","intermediate generation","coal","coal_int_conv pul 2006-2010",2020,"capital",999,0.13
"557","intermediate generation","coal","coal_int_conv pul 2006-2010",2025,"capital",985,0.13
"558","intermediate generation","coal","coal_int_conv pul 2006-2010",2030,"capital",972,0.13
"559","intermediate generation","coal","coal_int_conv pul 2006-2010",2035,"capital",961,0.13
"560","intermediate generation","coal","coal_int_conv pul 2006-2010",2040,"capital",950,0.13
"561","intermediate generation","coal","coal_int_conv pul 2006-2010",2045,"capital",941,0.13
"562","intermediate generation","coal","coal_int_conv pul 2006-2010",2050,"capital",932,0.13
"563","intermediate generation","coal","coal_int_conv pul 2006-2010",2055,"capital",925,0.13
"564","intermediate generation","coal","coal_int_conv pul 2006-2010",2060,"capital",918,0.13
"565","intermediate generation","coal","coal_int_conv pul 2006-2010",2065,"capital",911,0.13
"566","intermediate generation","coal","coal_int_conv pul 2006-2010",2070,"capital",906,0.13
"567","intermediate generation","coal","coal_int_conv pul 2006-2010",2075,"capital",901,0.13
"568","intermediate generation","coal","coal_int_conv pul 2006-2010",2080,"capital",896,0.13
"569","intermediate generation","coal","coal_int_conv pul 2006-2010",2085,"capital",892,0.13
"570","intermediate generation","coal","coal_int_conv pul 2006-2010",2090,"capital",888,0.13
"571","intermediate generation","coal","coal_int_conv pul 2006-2010",2095,"capital",885,0.13
"572","intermediate generation","coal","coal_int_conv pul 2006-2010",2100,"capital",881,0.13
"573","intermediate generation","coal","coal_int_conv pul 2011-2015",1975,"capital",1015,0.13
"574","intermediate generation","coal","coal_int_conv pul 2011-2015",1990,"capital",1015,0.13
"575","intermediate generation","coal","coal_int_conv pul 2011-2015",2005,"capital",1015,0.13
"576","intermediate generation","coal","coal_int_conv pul 2011-2015",2010,"capital",1015,0.13
"577","intermediate generation","coal","coal_int_conv pul 2011-2015",2015,"capital",1015,0.13
"578","intermediate generation","coal","coal_int_conv pul 2011-2015",2020,"capital",999,0.13
"579","intermediate generation","coal","coal_int_conv pul 2011-2015",2025,"capital",985,0.13
"580","intermediate generation","coal","coal_int_conv pul 2011-2015",2030,"capital",972,0.13
"581","intermediate generation","coal","coal_int_conv pul 2011-2015",2035,"capital",961,0.13
"582","intermediate generation","coal","coal_int_conv pul 2011-2015",2040,"capital",950,0.13
"583","intermediate generation","coal","coal_int_conv pul 2011-2015",2045,"capital",941,0.13
"584","intermediate generation","coal","coal_int_conv pul 2011-2015",2050,"capital",932,0.13
"585","intermediate generation","coal","coal_int_conv pul 2011-2015",2055,"capital",925,0.13
"586","intermediate generation","coal","coal_int_conv pul 2011-2015",2060,"capital",918,0.13
"587","intermediate generation","coal","coal_int_conv pul 2011-2015",2065,"capital",911,0.13
"588","intermediate generation","coal","coal_int_conv pul 2011-2015",2070,"capital",906,0.13
"589","intermediate generation","coal","coal_int_conv pul 2011-2015",2075,"capital",901,0.13
"590","intermediate generation","coal","coal_int_conv pul 2011-2015",2080,"capital",896,0.13
"591","intermediate generation","coal","coal_int_conv pul 2011-2015",2085,"capital",892,0.13
"592","intermediate generation","coal","coal_int_conv pul 2011-2015",2090,"capital",888,0.13
"593","intermediate generation","coal","coal_int_conv pul 2011-2015",2095,"capital",885,0.13
"594","intermediate generation","coal","coal_int_conv pul 2011-2015",2100,"capital",881,0.13
"595","intermediate generation","coal","coal_int_conv pul before 1950",1975,"capital",1015,0.13
"596","intermediate generation","coal","coal_int_conv pul before 1950",1990,"capital",1015,0.13
"597","intermediate generation","coal","coal_int_conv pul before 1950",2005,"capital",1015,0.13
"598","intermediate generation","coal","coal_int_conv pul before 1950",2010,"capital",1015,0.13
"599","intermediate generation","coal","coal_int_conv pul before 1950",2015,"capital",1015,0.13
"600","intermediate generation","coal","coal_int_conv pul before 1950",2020,"capital",999,0.13
"601","intermediate generation","coal","coal_int_conv pul before 1950",2025,"capital",985,0.13
"602","intermediate generation","coal","coal_int_conv pul before 1950",2030,"capital",972,0.13
"603","intermediate generation","coal","coal_int_conv pul before 1950",2035,"capital",961,0.13
"604","intermediate generation","coal","coal_int_conv pul before 1950",2040,"capital",950,0.13
"605","intermediate generation","coal","coal_int_conv pul before 1950",2045,"capital",941,0.13
"606","intermediate generation","coal","coal_int_conv pul before 1950",2050,"capital",932,0.13
"607","intermediate generation","coal","coal_int_conv pul before 1950",2055,"capital",925,0.13
"608","intermediate generation","coal","coal_int_conv pul before 1950",2060,"capital",918,0.13
"609","intermediate generation","coal","coal_int_conv pul before 1950",2065,"capital",911,0.13
"610","intermediate generation","coal","coal_int_conv pul before 1950",2070,"capital",906,0.13
"611","intermediate generation","coal","coal_int_conv pul before 1950",2075,"capital",901,0.13
"612","intermediate generation","coal","coal_int_conv pul before 1950",2080,"capital",896,0.13
"613","intermediate generation","coal","coal_int_conv pul before 1950",2085,"capital",892,0.13
"614","intermediate generation","coal","coal_int_conv pul before 1950",2090,"capital",888,0.13
"615","intermediate generation","coal","coal_int_conv pul before 1950",2095,"capital",885,0.13
"616","intermediate generation","coal","coal_int_conv pul before 1950",2100,"capital",881,0.13
